track_name,artist,danceability,energy,key,loudness,mode,speechiness,acousticness,instrumentalness,liveness,valence,tempo,duration_s,class
Everyday、カチューシャ,AKB48,0.324,0.951,3,-4.531,1,0.116,0.0178,0,0.212,0.23,172.455,312.307,1
フライングゲット,AKB48,0.515,0.948,0,-5.821,0,0.121,0.0565,3.4E-06,0.37,0.62,131.055,253.28,1
Born This Way,Lady Gaga,0.586,0.835,11,-5.117,1,0.146,0.00382,0,0.303,0.493,123.935,260.413,1
桜の木になろう,AKB48,0.538,0.42,7,-9.546,1,0.0236,0.362,3.46E-06,0.26,0.358,79.976,329.893,1
マル・マル・モリ・モリ! (薫と友樹、たまにムック。) - インストロメンタル,スーパー☆キラキラ,0.595,0.395,4,-8.784,1,0.0327,0.386,0.835,0.118,0.628,103.989,246.997,1
風は吹いている,AKB48,0.582,0.908,7,-5.902,1,0.0329,0.0404,3.35E-06,0.463,0.539,109.985,219.76,1
迷宮ラブソング,ARASHI,0.56,0.875,11,-3.434,1,0.0378,0.209,0,0.0827,0.593,130.966,276.408,1
GO GO サマー!,KARA,0.543,0.933,11,-2.78,0,0.0553,0.000448,0.0332,0.261,0.433,145.051,200.627,1
Lotus,ARASHI,0.492,0.855,11,-4.174,0,0.0456,0.172,0,0.148,0.541,144.956,262.751,1
What the Hell,Avril Lavigne,0.576,0.933,6,-3.696,0,0.0584,0.00445,0.00403,0.147,0.852,150.002,218.587,1
MR. TAXI (Original Title : Mr. Taxi),Girls' Generation,0.858,0.928,10,-2.622,0,0.0933,0.0286,0,0.0714,0.889,122.008,212.733,1
ジェットコースターラブ,KARA,0.73,0.887,0,-3.031,1,0.0617,0.0553,2.78E-05,0.0717,0.65,127.006,220.6,1
家族になろうよ,Masaharu Fukuyama,0.495,0.422,8,-6.757,1,0.0314,0.539,5.46E-06,0.111,0.219,147.556,307.813,1
Judas,Lady Gaga,0.661,0.937,10,-3.83,0,0.0744,0.000967,1.59E-05,0.355,0.535,131.001,249.067,1
明日へのマーチ,Keisuke Kuwata,0.531,0.56,5,-7.944,1,0.0304,0.597,1.15E-05,0.0911,0.778,94.962,210.253,1
Rising Sun,EXILE,0.572,0.91,0,-5.293,1,0.0498,0.000638,0,0.251,0.717,126.971,293.8,1
福笑い - remaster,Yu Takahashi,0.461,0.738,11,-4.435,1,0.0298,0.245,0,0.108,0.498,182.024,327.467,1
Let's try again ~kuwata keisuke ver.~,Keisuke Kuwata,0.527,0.935,7,-3.386,1,0.0489,0.0423,0,0.327,0.572,138.043,288.4,1
流星,KOBUKURO,0.376,0.551,11,-5.037,1,0.0292,0.698,1.01E-06,0.324,0.256,153.855,307.66,1
花束,back number,0.573,0.686,2,-3.801,1,0.0289,0.0185,0,0.181,0.529,79.977,285.813,1
Don't Wanna Lie,Orgel Sound J-pop,0.584,0.486,3,-10.855,1,0.0444,0.655,0.885,0.108,0.344,102.934,207.84,1
Every Teardrop Is a Waterfall,Coldplay,0.425,0.733,9,-6.883,1,0.0396,0.00193,0.00922,0.171,0.313,117.985,240.796,1
Gee,Girls' Generation,0.746,0.927,1,-1.082,0,0.0275,0.289,0,0.0893,0.764,99.98,202.2,1
レーザービーム - Album-mix,Perfume,0.594,0.948,0,-0.89,0,0.0357,0.00366,0.0286,0.164,0.972,134.993,190.4,1
かぞえうた,Mr.Children,0.33,0.563,10,-7.37,1,0.031,0.152,9.26E-06,0.122,0.434,136.537,282.08,1
Blue Bird,KOBUKURO,0.589,0.734,10,-4.027,1,0.0295,0.567,0,0.238,0.558,113.203,269.48,1
Boom,Maia Hirasawa,0.543,0.793,10,-7.713,1,0.0394,0.0215,0.00141,0.132,0.595,95.972,205.453,1
Price Tag,Jessie J,0.638,0.831,5,-3.944,1,0.182,0.0281,3.06E-06,0.277,0.685,175.038,223.053,1
Everybody Go,Orgel Sound J-pop,0.575,0.452,5,-10.53,0,0.0481,0.629,0.859,0.103,0.276,125.098,232.573,1
Why? (Keep Your Head Down),TVXQ!,0.65,0.976,8,-1.702,1,0.228,0.103,0.00251,0.104,0.488,154.054,240.04,1
T W L,Orgel Sound J-pop,0.564,0.536,7,-10.207,1,0.0501,0.41,0.957,0.103,0.0563,162.93,212.013,1
A winter fairy is melting a snowman(Live),Kaela Kimura,0.427,0.924,11,-5.945,1,0.12,0.011,0.00716,0.985,0.375,162.862,445.123,1
My Home,Orgel Sound J-pop,0.478,0.438,6,-10.982,0,0.0442,0.613,0.907,0.1,0.145,170.022,174.6,1
トイレの神様 - Originally Performed by 植村花菜,Soyoka Hayashi,0.475,0.121,9,-17.341,1,0.052,0.985,0.899,0.0952,0.115,105.187,305.64,1
"Give Me Everything (feat. Ne-Yo, Afrojack & Nayer)",Pitbull,0.671,0.939,8,-3.206,1,0.161,0.192,0,0.298,0.529,129.023,252.307,1
The Edge Of Glory,Lady Gaga,0.581,0.772,9,-6.544,1,0.0401,0.000343,0.0191,0.11,0.361,127.952,320.587,1
ゼロ,BUMP OF CHICKEN,0.58,0.598,8,-5.243,0,0.0278,0.065,0,0.0921,0.262,91.947,415.36,1
Rollin' Days Originally Performed By Superfly,Orgel Sound J-pop,0.57,0.592,3,-9.324,1,0.0513,0.457,0.919,0.0944,0.102,129.964,182.48,1
友達の唄,BUMP OF CHICKEN,0.559,0.491,6,-6.982,1,0.0249,0.00495,0.000593,0.098,0.214,88.146,375.787,1
あの太陽が、この世界を照らし続けるように。,KOBUKURO,0.336,0.802,0,-3.971,1,0.0357,0.425,0,0.272,0.411,162.187,357.72,1
Run the World (Girls),Beyoncé,0.733,0.899,0,-4.237,1,0.143,0.00496,4.72E-05,0.372,0.76,127.086,236.093,1
Have a Good Day !,Noanowa,0.691,0.939,5,-2.453,1,0.0333,0.0369,9.65E-06,0.132,0.857,100.026,159.983,1
さよなら傷だらけの日々よ Originally Performed By B'z (オルゴール),B'z,0.522,0.554,5,-9.837,0,0.0448,0.38,0.898,0.102,0.113,144.814,214.013,1
Tsubusanikoi,Orgel Sound J-pop,0.599,0.593,3,-9.247,1,0.0717,0.0845,0.8,0.101,0.0654,188.013,97.573,1
On The Floor,Jennifer Lopez,0.73,0.777,3,-5.199,0,0.0479,0.108,0.000467,0.069,0.591,130,284.867,1
Hey和,Yuzu,0.532,0.591,9,-6.473,1,0.0268,0.912,0.000405,0.107,0.235,80.006,325.067,1
銀河の星屑,Keisuke Kuwata,0.442,0.834,6,-4.979,0,0.0607,0.0231,0,0.156,0.64,146.837,261.25,1
Over - Hey Say JUMP,J-Pop Best Art,0.752,0.77,9,-4.982,0,0.08,0.521,0,0.084,0.745,119.998,277.629,1
Baby I Love U,TEE,0.664,0.677,1,-5.271,1,0.033,0.401,0,0.0716,0.277,93.008,313.907,1
365nichi Kazoku,Orgel Sound J-pop,0.592,0.484,7,-10.512,1,0.0497,0.557,0.881,0.109,0.316,142.011,221.587,1
パレオはエメラルド,SKE48,0.397,0.985,6,-1.91,0,0.0899,0.0162,0.000129,0.108,0.363,164.027,285.893,1
今のキミを忘れない,Naoto,0.6,0.841,6,-4.374,0,0.0267,4.11E-05,0.607,0.158,0.706,113.009,243.347,1
ウィンターマジック - (X’mas Ver.),KARA,0.684,0.922,4,-2.925,0,0.033,0.584,3.73E-06,0.312,0.532,110.991,307.187,1
イット・ダズント・ストップ - アコースティック・ヴァージョン,Maia Hirasawa,0.494,0.239,8,-8.767,1,0.0493,0.525,3.39E-06,0.0813,0.554,119.547,176.749,1
Party Rock Anthem,LMFAO,0.75,0.727,5,-4.21,0,0.142,0.0189,0,0.266,0.359,129.993,262.173,1
Moves Like Jagger - Radio Edit,Maroon 5,0.72,0.731,11,-5.53,0,0.0504,0.00962,0,0.291,0.624,128.014,200.627,1
Each Other's Way 〜旅の途中〜,EXILE,0.555,0.729,8,-5.339,1,0.0348,0.0466,0,0.081,0.632,109.05,230.173,1
笑ってたいんだ,Ikimonogakari,0.55,0.886,5,-2.663,1,0.0409,0.0251,0,0.153,0.547,157.126,370.04,1
Dear J,Tomomi Itano,0.561,0.961,0,-2.588,1,0.154,0.0419,0,0.241,0.699,127.966,220.813,1
Magic Power (Originally Performed by Hey!Say!JUMP),オルゴール ミドリ,0.537,0.293,5,-13.841,1,0.0503,0.957,0.806,0.114,0.94,169.936,200.667,1
Brave,Naoto,0.551,0.793,7,-5.024,1,0.0252,0.000178,0.84,0.258,0.708,113.017,258.653,1
The Adventures of Rain Dance Maggie,Red Hot Chili Peppers,0.683,0.734,4,-4.523,0,0.029,0.00112,0.0139,0.258,0.576,106.254,282.4,1
Chu Chu,moumoon,0.662,0.914,10,-4.383,1,0.0361,0.362,0,0.2,0.907,98.008,212.333,1
Let me cry,Jang Keun-suk,0.318,0.92,8,-3.403,1,0.141,0.00456,0.0513,0.0748,0.271,139.86,258.24,1
NAKED,Namie Amuro,0.707,0.842,2,-2.67,1,0.0533,0.00361,0,0.165,0.798,110.981,261.173,1
何かひとつ,Jamosa,0.691,0.841,7,-3.168,1,0.0309,0.034,0,0.346,0.389,122.97,273.4,1
The Roller,Beady Eye,0.481,0.92,6,-2.228,0,0.0403,0.000208,0.461,0.276,0.601,115.859,215.013,1
やさしくなりたい(“Rumble Horses” Live at ZEPP TOKYO 2014.12.12),Kazuyoshi Saito,0.276,0.9,1,-5.758,1,0.0357,0.0558,0.00152,0.98,0.553,145.067,372.067,1
LIFE,Ms.OOJA,0.745,0.63,5,-5.225,1,0.025,0.105,0,0.108,0.652,95.032,296.827,1
"Check It Out - Main, Explicit Version",will.i.am,0.849,0.657,1,-5.124,1,0.0599,0.0601,7.91E-06,0.121,0.741,130.107,252.027,1
『バッハの旋律を夜に聴いたせいです。』,Sakanaction,0.748,0.854,8,-4.299,1,0.0877,0.0853,0,0.29,0.728,126.013,239,1
ULTIMATE WHEELS Originally Performed By KAT-TUN (オルゴール),KAT-TUN,0.56,0.516,5,-10.293,0,0.0351,0.462,0.874,0.081,0.219,138.674,235.493,1
Smile,BUMP OF CHICKEN,0.514,0.549,0,-7.1,0,0.0273,0.000968,0.000305,0.757,0.107,135.936,498.533,1
波乗りかき氷 (オルゴール),Orgel Sound J-pop,0.607,0.481,2,-9.297,0,0.0454,0.267,0.901,0.0946,0.266,141.871,211.533,1
Hold It Against Me,Britney Spears,0.648,0.722,0,-4.813,0,0.0427,0.0103,0,0.24,0.389,132.973,228.827,1
スパイス,Perfume,0.492,0.974,5,-2.831,0,0.0454,0.0645,0.00979,0.219,0.611,110.032,233.973,1
If I Had A Gun...,Noel Gallagher's High Flying Birds,0.337,0.736,6,-3.141,0,0.0334,0.041,0.0476,0.18,0.213,76.37,249.107,1
Hello - Paradise Kiss -,YUI,0.627,0.668,3,-4.939,1,0.0326,0.11,0,0.0835,0.8,143.006,215.6,1
Goodbye Happiness,Hikaru Utada,0.695,0.77,0,-5.269,1,0.0287,0.362,1.55E-05,0.0818,0.6,120.021,321.307,1
Hello,Naoto,0.596,0.958,6,-2.41,0,0.114,0.06,0,0.0904,0.639,122.97,245.147,1
Sunshine Sunshine,Superfly,0.585,0.871,0,-4.114,1,0.0541,0.167,0,0.162,0.595,136.049,244.267,1
羽根,Hanae,0.484,0.756,5,-4.895,1,0.0275,0.0683,0,0.298,0.368,97.967,313.933,1
"What's up, people?!",MAXIMUM THE HORMONE,0.385,0.976,7,-3.788,1,0.252,0.0329,0.00767,0.445,0.206,160.977,250.227,1
Time - Kinki Kids,J-Pop Best Art,0.459,0.634,1,-6.19,1,0.0481,0.347,0,0.0961,0.672,172.058,286.981,1
Bo Peep Bo Peep,T-ara,0.824,0.95,5,-4.163,0,0.0308,0.00974,0.000117,0.199,0.97,128.031,225.04,1
Koi no Superball,aiko,0.675,0.832,6,-4.147,0,0.0363,0.076,2.16E-06,0.0781,0.77,134.965,272.733,1
Rocketeer,Far East Movement,0.664,0.834,4,-6.155,0,0.0489,0.193,0,0.313,0.351,96.021,211.28,1
Marry You,Bruno Mars,0.62,0.832,10,-4.848,1,0.036,0.332,0,0.104,0.481,144.926,230.12,1
思い出せなくなるその日まで,back number,0.461,0.726,9,-3.553,0,0.0341,0.0166,0,0.318,0.556,147.665,271.347,1
絶滅黒髪少女,NMB48,0.587,0.992,9,-1.866,0,0.102,0.031,0.000331,0.387,0.72,137.98,229.667,1
絶滅黒髪少女,NMB48,0.587,0.992,9,-1.866,0,0.102,0.031,0.000331,0.387,0.72,137.98,229.667,1
オキドキ,SKE48,0.512,0.99,5,-1.77,1,0.136,0.0413,1.3E-05,0.0551,0.472,150.022,262.907,1
Slow - StoneBridge & Matt Joko Revibe,Rumer,0.64,0.988,10,-3.651,0,0.191,0.00125,0.393,0.889,0.683,127.994,335.581,1
Only Girl (In The World),Rihanna,0.786,0.716,11,-4.253,0,0.0409,0.102,1.72E-05,0.0557,0.595,125.921,235.52,1
We Found Love,Rihanna,0.734,0.766,1,-4.485,1,0.0383,0.025,0.00138,0.108,0.6,127.986,215.227,1
WHITE Originally Performed By KAT-TUN (オルゴール),KAT-TUN,0.638,0.477,4,-9.505,0,0.0337,0.196,0.851,0.109,0.108,133.895,228.707,1
Flower,Atsuko Maeda,0.631,0.776,0,-4.061,1,0.025,0.212,4.1E-06,0.31,0.616,129.885,257.387,1
Sexy Zone,J-Pop J研,0.506,0.807,2,-9.052,1,0.0378,0.015,0.185,0.101,0.372,146,301.952,1
My Favorite Songs,Kana Uemura,0.341,0.554,2,-4.138,1,0.0312,0.339,0,0.359,0.349,148.271,248.48,1
オーマイガー!,NMB48,0.391,0.964,0,-2.173,1,0.102,0.0384,1.48E-05,0.182,0.445,160.067,259.84,1
真夏のSounds good !,AKB48,0.557,0.954,5,-3.144,0,0.138,0.188,0,0.0631,0.615,148.252,274.133,1
GIVE ME FIVE!,AKB48,0.339,0.894,4,-5.243,1,0.0517,0.00357,0.0717,0.382,0.523,189.925,298.987,1
ギンガムチェック,AKB48,0.321,0.935,0,-5.194,1,0.0794,0.0283,0.102,0.223,0.59,175.042,323.2,1
ワイルド アット ハート,ARASHI,0.632,0.925,10,-3.11,0,0.0639,0.106,0,0.128,0.71,123.891,247.295,1
ハピネス,AI,0.628,0.915,2,-3.021,1,0.153,0.14,0,0.361,0.507,93.996,257.747,1
Face Down,ARASHI,0.733,0.943,0,-4.92,0,0.163,0.218,0,0.164,0.707,127.967,235.474,1
Uza,AKB48,0.504,0.968,5,-2.272,0,0.0685,0.0023,5.78E-06,0.31,0.552,131.376,283.587,1
Good Time,Owl City,0.56,0.872,3,-4.269,1,0.14,0.0239,7.52E-06,0.371,0.681,126.053,205.933,1
Call Me Maybe,Carly Rae Jepsen,0.783,0.58,7,-6.548,1,0.0408,0.0114,2.28E-06,0.108,0.66,120.021,193.4,1
Your Eyes,ARASHI,0.381,0.821,4,-3.872,0,0.0499,0.263,0,0.154,0.439,186.116,278.194,1
やさしくなりたい(“Rumble Horses” Live at ZEPP TOKYO 2014.12.12),Kazuyoshi Saito,0.276,0.9,1,-5.758,1,0.0357,0.0558,0.00152,0.98,0.553,145.067,372.067,1
上からマリコ,AKB48,0.371,0.944,0,-6.513,1,0.0719,0.0123,0.00664,0.198,0.421,168.846,277.813,1
ER ~映画「エイトレンジャー」主題歌~(オルゴール),Orgel Sound J-pop,0.451,0.503,2,-10.392,0,0.0512,0.582,0.918,0.104,0.0785,186.057,149.747,1
Love Story - namie amuro Final Tour 2018 〜Finally〜 at Tokyo Dome 2018.6.3,Namie Amuro,0.432,0.452,8,-9.86,1,0.0293,0.22,0,0.943,0.238,148.037,288.024,1
What Makes You Beautiful,One Direction,0.726,0.787,4,-2.494,1,0.0737,0.009,0,0.0596,0.888,124.99,199.987,1
Shine,Leo Ieiri,0.689,0.894,6,-2.795,0,0.0448,0.379,0,0.0949,0.366,126.997,216.2,1
祈り ~涙の軌道,Mr.Children,0.497,0.508,2,-4.359,1,0.0254,0.109,0,0.076,0.332,140.039,344.027,1
Sabrina,Leo Ieiri,0.629,0.875,7,-2.261,1,0.0354,0.0167,0,0.291,0.407,136.017,215.402,1
輝く月のように,Superfly,0.452,0.759,9,-2.827,1,0.0307,0.0243,0,0.161,0.24,76.018,328.173,1
Payphone,Maroon 5,0.739,0.756,4,-4.828,1,0.0394,0.0136,0,0.37,0.523,110.028,231.387,1
生きてる生きてく,Masaharu Fukuyama,0.716,0.88,7,-3.428,1,0.0304,0.264,3.74E-06,0.0932,0.941,121.006,210.133,1
Give Me All Your Luvin',Madonna,0.68,0.885,11,-4.36,1,0.0382,0.00557,0.000704,0.377,0.879,144.998,202.76,1
Be...,Ms.OOJA,0.481,0.38,8,-6.499,1,0.0314,0.896,0,0.132,0.456,143.652,302.28,1
Mr. Saxobeat,Alexandra Stan,0.72,0.925,4,-4.165,0,0.0511,0.0276,0.000238,0.14,0.781,127.004,195.105,1
愛でした。 (Originally Performed by 関ジャニ∞),関ジャニ∞,0.691,0.203,3,-13.611,1,0.0565,0.962,0.869,0.259,0.911,103.96,257.822,1
さかさまの空 - オリジナルアーティスト:SMAP [カラオケ],SMAP,0.596,0.67,8,-7.466,1,0.0269,0.00178,0.873,0.134,0.728,124.993,276.303,1
Moment Originally Performed By SMAP (オルゴール),SMAP,0.567,0.55,2,-9.391,1,0.0466,0.427,0.919,0.0813,0.187,126.005,241.76,1
We Are Never Ever Getting Back Together,Taylor Swift,0.628,0.676,7,-5.911,1,0.0916,0.00957,2.65E-05,0.102,0.75,85.984,191.88,1
僕の半分 Originally Performed By SMAP (オルゴール),SMAP,0.586,0.347,2,-10.866,0,0.0511,0.52,0.859,0.108,0.102,165.948,200.707,1
We Are Young (feat. Janelle Monáe),fun.,0.378,0.638,10,-5.576,1,0.075,0.02,7.66E-05,0.0849,0.735,184.086,250.627,1
Believe,Che'Nelle,0.467,0.619,2,-5.602,1,0.0348,0.487,0,0.0783,0.385,143.672,274.547,1
We Found Love,Rihanna,0.734,0.766,1,-4.485,1,0.0383,0.025,0.00138,0.108,0.6,127.986,215.227,1
Beautiful life,Masaharu Fukuyama,0.461,0.643,6,-5.697,1,0.037,0.509,0,0.0709,0.388,152.024,333.893,1
24karats TRIBE OF GOLD,EXILE TRIBE,0.597,0.947,9,-3.234,1,0.0839,0.0169,0,0.35,0.5,102.936,378.04,1
Happy Pills,Norah Jones,0.641,0.441,0,-6.993,1,0.0327,0.0897,0.000601,0.114,0.962,177.811,214.68,1
WANNA BEEEE!!! (Originally Performed by Kis-My-Ft2),Kis-My-Ft2,0.642,0.393,7,-9.714,1,0.0376,0.622,0.751,0.112,0.447,118.463,228.07,1
Starships,Nicki Minaj,0.747,0.716,11,-2.457,0,0.075,0.135,0,0.251,0.751,125.008,210.627,1
Spring of Life,Perfume,0.541,0.987,5,-1.688,0,0.0627,0.000195,0.309,0.106,0.872,132.002,229.907,1
片想いFinally,SKE48,0.524,0.979,6,-1.773,0,0.131,0.00733,0.000494,0.0785,0.512,140.57,271.653,1
僕と花,Sakanaction,0.636,0.542,8,-5.217,1,0.0297,0.256,1.57E-05,0.0911,0.75,130.02,230.804,1
つけまつける,Kyary Pamyu Pamyu,0.641,0.991,2,-0.872,1,0.066,0.0124,4.78E-05,0.103,0.599,144.992,261.654,1
ファッションモンスター - extended mix,Kyary Pamyu Pamyu,0.456,0.966,1,-3.705,1,0.0695,0.00901,0.00343,0.109,0.458,160.018,295.573,1
ALL NIGHT LONG,EXILE,0.671,0.9,0,-6.393,1,0.0914,0.109,0,0.0701,0.564,127.91,263.8,1
SUPER DELICATE (オルゴール)Originally Performed By Hey! Say! JUMP,Hey! Say! JUMP,0.599,0.521,5,-9.657,0,0.045,0.319,0.862,0.102,0.281,121.994,188.013,1
夜の踊り子,Sakanaction,0.557,0.81,4,-4.239,0,0.048,0.0303,5.94E-05,0.347,0.416,133.987,302.08,1
Bless You,Leo Ieiri,0.628,0.823,8,-1.917,0,0.0517,0.0373,0,0.177,0.511,118.023,232.667,1
LOVE LOVE Summer,Ketsumeishi,0.547,0.792,9,-3.98,1,0.0337,0.0167,0,0.112,0.566,137.001,260.36,1
Stuck On You,Meiko,0.638,0.538,2,-6.667,1,0.034,0.516,0,0.0797,0.843,98.591,186.64,1
PAPARAZZI,Girls' Generation,0.811,0.775,7,-3.354,1,0.0749,0.0638,1.45E-05,0.224,0.664,129.038,226.653,1
キスだって左利き,SKE48,0.395,0.981,0,-2.181,1,0.102,0.0171,9.26E-05,0.325,0.403,174.933,300.893,1
グッドラック,BUMP OF CHICKEN,0.518,0.646,11,-3.98,1,0.0253,0.0241,0,0.292,0.28,91.064,428.547,1
All About Tonight,Pixie Lott,0.635,0.797,2,-6.12,1,0.0557,0.242,0,0.12,0.684,129.305,186.173,1
ヒカリヘ,miwa,0.565,0.902,7,-2.556,1,0.0315,0.323,2.96E-05,0.505,0.372,132.019,292.307,1
アイシテラブル!,SKE48,0.455,0.984,0,-2.194,1,0.183,0.0233,9.54E-06,0.304,0.322,168.014,214.373,1
Aoppana,Orgel Sound J-pop,0.492,0.501,8,-10.437,1,0.0416,0.633,0.943,0.14,0.345,154.967,183.6,1
君に逢いたかった - Acoustic ver.,Naoto,0.584,0.338,2,-7.831,1,0.0348,0.9,0,0.0848,0.454,95.24,266.68,1
Rising Sun,EXILE,0.572,0.91,0,-5.293,1,0.0498,0.000638,0,0.251,0.717,126.971,293.8,1
GO ROUND ('N ROUND 'N ROUND),Namie Amuro,0.755,0.88,5,-2.545,0,0.0368,0.179,9.53E-06,0.052,0.769,117.052,201.267,1
Let Me Love You (Until You Learn To Love Yourself),Ne-Yo,0.666,0.68,5,-6.667,1,0.034,0.239,0,0.348,0.26,124.914,251.627,1
あなたへ,EXILE,0.412,0.591,3,-4.184,1,0.0315,0.064,0,0.273,0.184,74.973,291.56,1
Oh Love,Green Day,0.427,0.773,8,-4.222,1,0.115,0.00605,4.02E-06,0.0396,0.695,171.806,303.293,1
CANDY CANDY,Kyary Pamyu Pamyu,0.649,0.964,6,-2.076,1,0.041,0.0207,2.77E-05,0.0734,0.884,130.007,231.219,1
Tonight Tonight,Hot Chelle Rae,0.7,0.788,4,-4.97,1,0.0992,0.0866,0,0.109,0.806,99.993,200.093,1
She Her Her,Orgel Sound J-pop,0.713,0.633,2,-9.161,0,0.0656,0.0707,0.977,0.11,0.0803,127.985,212.64,1
Nemurihime,SEKAI NO OWARI,0.342,0.817,10,-5.213,1,0.0488,0.186,0,0.104,0.398,97.465,331.24,1
BIRTH (Originally Performed by KAT-TUN),KAT-TUN,0.703,0.351,5,-13.814,0,0.0626,0.941,0.822,0.112,0.647,106.02,291.019,1
Kazegafuiteiru,Ikimonogakari,0.33,0.718,4,-3.962,1,0.0378,0.167,0,0.205,0.436,178.027,459.52,1
愛、テキサス - オリジナルアーティスト:山下智久 [カラオケ],カラオケうたプリンス,0.469,0.644,8,-7.557,0,0.0287,0.000603,0.757,0.179,0.52,132.599,211.978,1
The Beginning,ONE OK ROCK,0.36,0.983,0,-2.352,1,0.101,8.83E-05,0,0.111,0.279,182.058,292.733,1
Spending All My Time - Radio Mix,Perfume,0.623,0.889,2,-3.79,1,0.0324,0.00523,0.000793,0.252,0.914,130.038,182.92,1
We never give up ! (オルゴール)Originally Performed By Kis-My-Ft2,Kis-My-Ft2,0.674,0.495,2,-9.694,0,0.055,0.725,0.916,0.0866,0.184,122.002,176.8,1
In Your Arms,Kina Grannis,0.672,0.396,2,-9.489,0,0.0349,0.474,0,0.0921,0.458,130.015,184.96,1
That's Why God Made The Radio,The Beach Boys,0.643,0.552,6,-8.38,1,0.0251,0.119,0,0.107,0.603,113.973,198.987,1
Born This Way,Lady Gaga,0.586,0.835,11,-5.117,1,0.146,0.00382,0,0.303,0.493,123.935,260.413,1
firefly,BUMP OF CHICKEN,0.492,0.801,1,-4.578,1,0.0332,0.000392,0.0112,0.192,0.375,91.518,332.387,1
LOVE CHASE - オリジナルアーティスト:山下智久 [カラオケ],カラオケうたプリンス,0.696,0.745,4,-9.496,0,0.0307,4.07E-05,0.867,0.0667,0.446,123.996,207.872,1
いつだって僕らは,Ikimonogakari,0.648,0.875,8,-2.161,1,0.0364,0.0719,0,0.162,0.744,134.949,264.667,1
Force - Orchestra Ver.,Superfly,0.678,0.902,11,-4.369,0,0.0704,0.747,0,0.212,0.653,113.074,187.434,1
あの空の向こうがわへ,Junk Fujiyama,0.655,0.848,11,-3.781,1,0.0998,0.385,0,0.0998,0.572,127.941,300.301,1
ROCK ME BABY,THE BAWDIES,0.53,0.886,0,-2.403,1,0.0381,0.0138,0,0.521,0.838,132.999,219.5,1
Blow Me (One Last Kiss),P!nk,0.597,0.919,7,-2.954,1,0.044,0.000145,0,0.282,0.73,113.987,255.587,1
ミセナイナミダハ、きっといつか,GReeeeN,0.596,0.752,8,-6.196,1,0.0295,0.00274,0,0.129,0.564,82.987,243.093,1
With You,Yuzu,0.536,0.863,9,-2.976,1,0.0323,0.153,0,0.0883,0.494,122.02,330.64,1
愛しい人へ捧ぐ歌,Keisuke Kuwata,0.578,0.8,0,-4.762,1,0.0355,0.581,9.11E-05,0.287,0.705,138.02,244.71,1
The Sun the Trees,Russian Red,0.574,0.908,7,-4.694,1,0.0327,0.00528,3.5E-05,0.339,0.822,128.046,174.667,1
Turn Up the Music,Chris Brown,0.594,0.841,1,-5.792,1,0.102,0.000238,2.22E-06,0.156,0.643,129.925,227.973,1
君は僕だ,Atsuko Maeda,0.358,0.915,1,-2.621,1,0.0503,0.199,2.52E-05,0.0675,0.8,83.327,224.6,1
夢の外へ,Gen Hoshino,0.651,0.812,6,-5.33,1,0.0283,0.378,0,0.106,0.907,112.975,231.629,1
ひとつ,Tsuyoshi Nagabuchi,0.443,0.201,4,-9.762,1,0.0275,0.862,8.52E-06,0.149,0.189,84.894,326.28,1
ナギイチ,NMB48,0.361,0.982,7,-1.795,1,0.1,0.0577,0.00543,0.377,0.341,167.947,247.987,1
はじまりのとき - English ver.,ayaka,0.59,0.28,10,-7.539,1,0.0392,0.935,3.97E-06,0.0911,0.397,76.157,277.56,1
Haruuta,Ikimonogakari,0.59,0.902,7,-2.631,1,0.0682,0.0407,0,0.108,0.657,144.997,293.04,1
アイノビート (Originally Performed by Kis-My-Ft2),Kis-My-Ft2,0.596,0.316,0,-10.679,1,0.0477,0.432,0.905,0.0898,0.556,107.489,260.847,1
不滅のスクラム - オリジナルアーティスト:KAT-TUN [カラオケ],カラオケうたプリンス,0.613,0.7,7,-8.367,1,0.0304,7.99E-05,0.834,0.241,0.535,128.006,207.187,1
Hang It Up,The Ting Tings,0.673,0.883,6,-3.18,1,0.208,0.0275,0.000158,0.26,0.814,101.504,190.6,1
The A Team,Ed Sheeran,0.642,0.289,9,-9.918,1,0.0367,0.669,0,0.18,0.407,84.996,258.373,1
変わったかたちの石 Originally Performed By KinKi Kids,KinKi Kids,0.376,0.411,6,-11.278,1,0.0468,0.259,0.801,0.101,0.053,94.006,189.907,1
チャンカパーナ (Originally Performed by NEWS),NEWS,0.597,0.379,0,-10.25,1,0.0326,0.332,0.937,0.208,0.561,103.486,270.523,1
恋するフォーチュンクッキー,AKB48,0.685,0.885,2,-5.677,1,0.0395,0.242,0,0.323,0.951,122.01,284.227,1
さよならクロール,AKB48,0.482,0.964,5,-6.026,1,0.179,0.0722,1.83E-06,0.238,0.205,144.928,293.973,1
ピースとハイライト,サザンオールスターズ,0.579,0.915,9,-3.322,1,0.0353,0.136,0,0.0962,0.654,139.11,273.304,1
Endless Game,ARASHI,0.59,0.872,7,-3.551,0,0.0553,0.357,0,0.146,0.568,134.953,236.652,1
Calling,ARASHI,0.445,0.917,10,-3.753,0,0.075,0.0189,0,0.11,0.671,173.967,239.121,1
"""So Long!",AKB48,0.437,0.72,10,-2.974,1,0.0291,0.604,3.63E-06,0.164,0.575,183.989,364.482,1
Joy!! (Originally performed by SMAP) - オルゴール,SMAP,0.437,0.261,5,-14.291,1,0.0445,0.987,0.909,0.152,0.246,170.565,261.013,1
にんじゃりばんばん,Kyary Pamyu Pamyu,0.564,0.988,5,-1.205,0,0.0289,0.111,0.00676,0.102,0.95,130.02,266.687,1
永遠プレッシャー,AKB48,0.392,0.925,5,-5.65,1,0.0865,0.0576,2.87E-06,0.211,0.339,162.893,293.96,1
恋する季節,Naoto,0.544,0.872,7,-2.883,0,0.0445,0.0119,0,0.0803,0.628,98.035,269.813,1
Get Lucky (feat. Pharrell Williams & Nile Rodgers),Daft Punk,0.81,0.793,6,-9.404,0,0.0403,0.0378,1.82E-06,0.072,0.863,116.049,369.627,1
紅蓮の弓矢 - TVサイズver.,Linked Horizon,0.494,0.91,1,-6.016,0,0.0479,0.561,1.13E-06,0.107,0.507,90.447,94.283,1
RPG,SEKAI NO OWARI,0.493,0.936,4,-3.525,1,0.0525,0.0272,0.028,0.186,0.46,135.014,291.347,1
潮騒のメモリー (カラオケ Originally Performed By 天野春子(小泉今日子)),カラオケJOYSOUND,0.203,0.611,0,-8.147,0,0.034,0.0191,0.144,0.159,0.311,154.706,239.363,1
We Are Never Ever Getting Back Together,Taylor Swift,0.628,0.676,7,-5.911,1,0.0916,0.00957,2.65E-05,0.102,0.75,85.984,191.88,1
ミュージック,Sakanaction,0.739,0.641,1,-8.673,0,0.0363,0.0778,0.00137,0.0934,0.681,136.022,322.987,1
Call Me Maybe,Carly Rae Jepsen,0.783,0.58,7,-6.548,1,0.0408,0.0114,2.28E-06,0.108,0.66,120.021,193.4,1
Applause,Lady Gaga,0.669,0.78,7,-4.287,0,0.053,0.0265,1.63E-06,0.143,0.738,139.945,212.333,1
Namida No Kotae,Orgel Sound J-pop,0.597,0.471,5,-7.979,1,0.044,0.285,0.874,0.0956,0.234,144.029,153.507,1
Roar,Katy Perry,0.554,0.772,7,-4.821,0,0.0418,0.00487,6.6E-06,0.354,0.455,179.984,223.546,1
誕生日には真白な百合を,Masaharu Fukuyama,0.655,0.429,3,-7.551,1,0.0339,0.732,2.21E-05,0.109,0.339,81.107,279.64,1
サラバ、愛しき悲しみたちよ,CRA,0.583,0.988,0,-0.552,1,0.13,0.0443,0.0758,0.255,0.681,167.993,116.282,1
Suit & Tie (feat. Jay-Z),Justin Timberlake,0.795,0.596,11,-3.799,0,0.219,0.103,0,0.164,0.357,101.985,326.28,1
ひこうき雲,Yumi Arai,0.403,0.432,3,-9.028,1,0.0261,0.366,0.00696,0.0957,0.246,171.848,206.164,1
Breathless,ARASHI,0.553,0.941,11,-4.526,0,0.0789,0.116,0,0.542,0.462,134.023,297.488,1
スターラブレイション,Kera Kera,0.584,0.986,4,-0.385,1,0.0755,0.0532,0.000655,0.019,0.583,144.025,275.88,1
女々しくて,GOLDEN BOMBER,0.425,0.789,6,-3.226,0,0.0469,0.0181,0,0.367,0.616,143.004,248.36,1
チョコの奴隷,SKE48,0.589,0.995,5,-3.179,1,0.0763,0.0668,0.000423,0.292,0.77,137.017,242.107,1
ハート・エレキ,AKB48,0.45,0.966,2,-2.775,0,0.061,0.147,0,0.0626,0.456,156.09,296.44,1
インベーダーインベーダー,Kyary Pamyu Pamyu,0.536,0.923,8,-1.546,1,0.0404,0.0406,1.83E-06,0.0745,0.775,160,251.742,1
Locked out of Heaven,Bruno Mars,0.726,0.698,5,-4.165,1,0.0431,0.049,0,0.309,0.867,143.994,233.478,1
Preserved Roses,T.M.Revolution×水樹奈々,0.414,0.981,1,-3.359,1,0.333,0.00791,0,0.323,0.521,167.001,213,1
Live While We're Young,One Direction,0.658,0.837,2,-2.063,1,0.0543,0.0629,0,0.0969,0.936,126.015,200.187,1
キミとのキセキ Performed By Kis-My-Ft2,Kis-My-Ft2,0.575,0.563,9,-10.069,0,0.0447,0.572,0.896,0.0726,0.383,124.987,212.893,1
Glad You Came,The Wanted,0.61,0.841,7,-4.579,0,0.0692,0.056,9.85E-06,0.118,0.431,126.889,198.187,1
The Monster,Eminem,0.781,0.853,1,-3.68,0,0.0715,0.0525,0,0.12,0.624,110.049,250.189,1
New,Paul McCartney,0.586,0.701,0,-5.561,1,0.0318,0.291,0,0.0837,0.45,117.073,176.787,1
友達のフリ,Kera Kera,0.414,0.85,4,-2.833,1,0.0374,0.0199,0,0.149,0.351,165.769,311.427,1
Mistake! (Originally Performed by SMAP),SMAP,0.593,0.256,1,-13.921,0,0.0546,0.932,0.882,0.113,0.71,103.492,261.068,1
EXILE PRIDE 〜こんな世界を愛するため〜,EXILE,0.617,0.929,0,-3.025,1,0.0703,0.0218,0,0.0981,0.721,127.917,295.787,1
Spectrum,Zedd,0.609,0.801,0,-4.417,0,0.034,0.0137,0.00349,0.127,0.407,129.99,243.413,1
Reason,Yuzu,0.361,0.821,7,-3.148,1,0.0656,0.0564,0,0.0987,0.468,121.676,307.413,1
太陽の女神,Leo Ieiri,0.687,0.829,10,-3.422,1,0.0577,0.51,0,0.215,0.114,95.921,205.651,1
Message,Leo Ieiri,0.555,0.753,6,-3.948,1,0.0296,0.293,0,0.0797,0.569,94.057,212.067,1
Magic of Love - Album-mix,Perfume,0.555,0.959,11,-3.393,0,0.0419,0.00267,0.00152,0.381,0.954,127.98,256.213,1
Wings,Little Mix,0.74,0.878,9,-3.263,0,0.122,0.00064,0.0003,0.274,0.516,114.952,220.093,1
へそ曲がり (オルゴール)Originally Performed By 関ジャニ∞,関ジャニ∞,0.518,0.527,7,-9.859,1,0.0429,0.709,0.923,0.0997,0.308,161.96,171.333,1
Miracle,miwa,0.547,0.87,4,-2.556,0,0.034,0.0735,0,0.181,0.723,144.997,280.213,1
Because We Can,Bon Jovi,0.538,0.857,5,-4.48,1,0.0333,9.71E-05,0,0.347,0.578,109.052,240.347,1
My Resistance -タシカナモノ- (オルゴール)Originally Performed By Kis-My-Ft2,Kis-My-Ft2,0.512,0.404,9,-10.194,0,0.0416,0.61,0.864,0.105,0.124,199.968,235.467,1
美しい稲妻,SKE48,0.539,0.978,1,-3.571,0,0.102,0.072,0,0.248,0.632,149.986,283.627,1
桜流し,Hikaru Utada,0.287,0.272,6,-9.284,0,0.0301,0.821,0.000839,0.0645,0.342,99.722,281.493,1
No Limit,EXILE,0.675,0.851,7,-3.82,1,0.0514,0.0143,0,0.12,0.642,126.97,255.12,1
Come On A My House (Originally Performed by Hey!Say!JUMP),Hey! Say! JUMP,0.704,0.271,3,-14.579,1,0.107,0.947,0.856,0.13,0.691,115.491,236.777,1
まだ涙にならない悲しみが (Originally Performed by KinKi Kids) カラオケ,Kis-My-Ft2,0.538,0.609,5,-12.626,1,0.0261,0.00818,0.864,0.149,0.524,137.998,254.728,1
VOICE,AI,0.534,0.685,0,-4.276,0,0.037,0.183,0,0.115,0.508,128.037,314.813,1
赤い靴,Salley,0.507,0.707,7,-3.538,0,0.0398,0.0332,9.48E-06,0.116,0.44,130.07,313.852,1
赤い靴,Salley,0.507,0.707,7,-3.538,0,0.0398,0.0332,9.48E-06,0.116,0.44,130.07,313.852,1
Yin Yang(イヤン),Keisuke Kuwata,0.63,0.831,6,-2.748,0,0.0281,0.385,0,0.157,0.88,120.977,223.049,1
Blurred Lines,Robin Thicke,0.853,0.599,7,-4.756,1,0.0411,0.00334,7.93E-06,0.0759,0.843,119.993,263.827,1
キ・ス・ウ・マ・イ ~KISS YOUR MIND~ (オルゴール)Originally Performed By Kis-My-Ft2,Kis-My-Ft2,0.643,0.617,2,-9.787,0,0.0502,0.377,0.99,0.0881,0.113,139.971,215.307,1
SUMMER NUDE`13 - オリジナルアーティスト:山下 智久 [カラオケ],カラオケうたプリンス,0.583,0.947,1,-5.853,0,0.0331,2.55E-05,0.814,0.295,0.778,117.981,231.461,1
In A World Like This,Backstreet Boys,0.605,0.858,7,-3.982,1,0.0303,0.00688,0,0.344,0.555,125.048,220.217,1
紙飛行機,KOBUKURO,0.579,0.661,4,-4.836,1,0.0274,0.296,0,0.132,0.606,121.021,270.307,1
Contrail - Ballada Ver.,Namie Amuro,0.464,0.317,8,-7.347,1,0.0404,0.575,0.000694,0.222,0.187,124.327,199.115,1
Troublemaker (feat. Flo Rida),Olly Murs,0.761,0.856,0,-3.65,0,0.0731,0.02,0,0.149,0.967,106.009,185.2,1
SNOW DOMEの約束 (Originally Performed by Kis-My-Ft2) [Instrumental],Kis-My-Ft2,0.361,0.0911,3,-23.097,1,0.0646,0.993,0.955,0.129,0.29,178.233,260.797,1
Die Young,Kesha,0.711,0.7,1,-4.805,0,0.046,0.00498,0.000125,0.215,0.801,128.001,211.92,1
1 2 3 ~恋がはじまる~,Ikimonogakari,0.541,0.867,5,-2.515,1,0.037,0.114,0,0.0841,0.766,158.027,299.347,1
For You.,Hazzie,0.555,0.902,11,-4.048,1,0.0517,0.0523,0,0.483,0.614,139.921,280.08,1
Flower Song,EXILE,0.633,0.848,10,-4.894,1,0.0339,0.0193,0,0.22,0.662,109.946,296.76,1
さぁ鐘を鳴らせ,DREAMS COME TRUE,0.629,0.748,4,-6.039,1,0.0296,0.00281,0,0.117,0.173,106.01,309.36,1
Little Numbers,BOY,0.536,0.781,1,-4.848,1,0.0386,0.139,0,0.0968,0.712,191.802,219.84,1
EXPOSE (Originally Performed by KAT-TUN),KAT-TUN,0.692,0.347,4,-13.758,0,0.0673,0.937,0.804,0.0902,0.771,105.476,219.514,1
Rock N Roll,Avril Lavigne,0.465,0.956,0,-3.34,0,0.128,0.00963,0.000101,0.335,0.665,184.126,206.68,1
ありがとう,FUNKY MONKEY BABYS,0.569,0.866,4,-3.207,1,0.0307,0.151,0,0.244,0.549,81.995,359.147,1
It's a Beautiful Day,Michael Bublé,0.532,0.795,1,-3.979,1,0.0358,0.0559,0,0.295,0.78,143.837,199.267,1
ミステリー ヴァージン (Originally Performed by 山田涼介),山田涼介,0.634,0.312,1,-10.917,1,0.0388,0.497,0.905,0.203,0.675,107.984,235.127,1
Mirai No Museum,Perfume,0.603,0.922,8,-2.409,1,0.0432,0.0363,0.25,0.0938,0.809,170.028,201,1
Dance My Generation,GOLDEN BOMBER,0.568,0.905,7,-2.88,1,0.107,0.0159,0,0.3,0.527,133.065,251.587,1
ごめんなさいのKissing You,E-girls,0.84,0.855,8,-4.929,1,0.0555,0.0442,0,0.0415,0.886,143,220.6,1
Egao,Ikimonogakari,0.542,0.777,2,-3.192,1,0.0319,0.147,0,0.0852,0.556,151.965,298.933,1
雪の音,GReeeeN,0.712,0.681,5,-5.812,1,0.0267,0.0647,5.14E-06,0.0606,0.574,109,305.387,1
ガールズルール,Nogizaka46,0.398,0.98,8,-2.306,0,0.0831,0.041,7.76E-06,0.33,0.456,167.971,290.12,1
僕らのユリイカ,NMB48,0.401,0.942,5,-3.929,1,0.0604,0.0727,0,0.163,0.77,164.048,250.267,1
怪・セラ・セラ - オリジナルアーティスト:山下 智久 [カラオケ],カラオケうたプリンス,0.421,0.672,10,-5.926,0,0.0319,0.00244,0.0892,0.246,0.516,165.906,189.759,1
いろはにほへと,Sheena Ringo,0.449,0.889,4,-2.309,1,0.0361,0.00798,0.00547,0.275,0.546,138.958,196.72,1
Voice,androp,0.542,0.943,2,-4.096,1,0.0428,0.0299,6.52E-06,0.107,0.636,140.016,253.427,1
SLY,RIP SLYME,0.702,0.906,9,-5.298,1,0.0385,0.074,0.0314,0.0984,0.97,119.999,257.173,1
革命Dualism,Nana Mizuki,0.494,0.973,9,-2.577,0,0.162,0.0359,0,0.112,0.341,102.505,243.507,1
月と太陽,Ketsumeishi,0.661,0.889,1,-5.405,0,0.0283,0.444,1.36E-05,0.323,0.502,108.043,279.187,1
Big Boys Cry,Namie Amuro,0.774,0.626,5,-6.176,0,0.146,0.0228,6.84E-06,0.096,0.608,119.995,204.16,1
もったいないとらんど,Kyary Pamyu Pamyu,0.575,0.963,6,-1.56,0,0.084,0.0264,0,0.0504,0.868,159.963,241.908,1
I Love It (feat. Charli XCX),Icona Pop,0.711,0.906,8,-2.671,1,0.0284,0.00952,1.64E-05,0.153,0.824,125.916,157.153,1
ヒリヒリの花 (Originally Performed by Not yet),Not yet,0.563,0.643,8,-11.526,1,0.024,0.0152,0.651,0.184,0.532,91.436,299.59,1
賛成カワイイ!,SKE48,0.454,0.914,0,-3.538,1,0.0449,0.104,1.09E-06,0.414,0.483,95.018,257.667,1
How We Do (Party),Rita Ora,0.739,0.926,7,-3.927,1,0.0725,0.00298,0,0.108,0.718,116.03,247.213,1
Face to Face (feat. KAT-TUN),KAT-TUN,0.406,0.861,0,-3.408,0,0.0396,0.409,0.00025,0.389,0.35,139.992,261.268,1
Take Back the Night,Justin Timberlake,0.588,0.664,7,-5.18,1,0.159,0.043,4.3E-05,0.639,0.333,106.502,353.16,1
Guts!,ARASHI,0.615,0.947,11,-2.569,0,0.0523,0.0921,1.41E-06,0.347,0.892,126.009,294.291,1
心のプラカード,AKB48,0.55,0.967,8,-3.386,1,0.0408,0.651,0.032,0.052,0.904,97.991,246.027,1
ラブラドール・レトリバー,AKB48,0.521,0.798,2,-3.419,1,0.0365,0.461,0,0.0714,0.587,135.051,295.347,1
誰も知らない,ARASHI,0.539,0.926,7,-3.136,0,0.0716,0.324,0,0.117,0.583,141.966,242.146,1
Bittersweet,ARASHI,0.695,0.919,1,-4.003,1,0.0277,0.0274,0,0.141,0.901,127.985,288.104,1
Happy,Pharrell Williams,0.652,0.757,1,-6.819,1,0.153,0.286,0,0.0886,0.962,159.911,233.305,1
Let It Go - Japanese Version,Takako Matsu,0.535,0.487,8,-6.914,1,0.0282,0.606,0,0.125,0.314,137.139,224.613,1
Time Works Wonders,TVXQ!,0.471,0.767,5,-3.493,1,0.033,0.227,4.36E-06,0.113,0.609,86.981,233.36,1
ひまわりの約束,Motohiro Hata,0.475,0.468,10,-6.123,1,0.0343,0.167,0,0.186,0.365,157.798,308.64,1
Story of My Life,One Direction,0.6,0.663,3,-5.802,1,0.0477,0.225,0,0.119,0.286,121.07,245.493,1
Darling,Kana Nishino,0.587,0.806,5,-4.337,1,0.0354,0.328,1.25E-06,0.257,0.764,159.945,255.307,1
恋するフォーチュンクッキー,AKB48,0.685,0.885,2,-5.677,1,0.0395,0.242,0,0.323,0.951,122.01,284.227,1
前しか向かねえ,AKB48,0.535,0.979,0,-2.028,1,0.0521,0.0671,0,0.0935,0.736,107.509,260.093,1
スノーマジックファンタジー,SEKAI NO OWARI,0.579,0.831,2,-6.563,1,0.0452,0.132,0.397,0.126,0.669,125.001,316.067,1
炎と森のカーニバル,SEKAI NO OWARI,0.634,0.884,9,-5.184,1,0.0284,0.00314,0.0291,0.136,0.607,116.006,296.388,1
Mighty Long Fall,ONE OK ROCK,0.467,0.946,3,-5.097,0,0.063,0.000864,1.42E-05,0.33,0.581,158.011,243.12,1
シャレオツ (Originally Performed by SMAP) カラオケ,SMAP,0.684,0.446,6,-13.295,0,0.05,0.226,0.206,0.0538,0.473,119.965,241.14,1
R.Y.U.S.E.I.,J SOUL BROTHERS III,0.582,0.947,5,-2.82,0,0.0581,0.0102,7.63E-06,0.455,0.558,127.991,325.773,1
鈴懸の木の道で…(略)やや気恥ずかしい結論のようなもの,AKB48,0.44,0.975,0,-1.338,1,0.0601,0.079,2.73E-05,0.256,0.434,89.978,328.32,1
ずっと,SPICY CHOCOLATE,0.654,0.848,5,-2.922,1,0.028,0.523,0,0.214,0.613,95.016,317.093,1
春風,Rihwa,0.46,0.52,2,-5.054,1,0.0248,0.0956,0.000281,0.202,0.34,78.022,338.253,1
RPG,SEKAI NO OWARI,0.493,0.936,4,-3.525,1,0.0525,0.0272,0.028,0.186,0.46,135.014,291.347,1
ひびき - オリジナルアーティスト:関ジャニ∞ [カラオケ],カラオケうたプリンス,0.576,0.659,10,-7.033,1,0.0273,0.0947,0.857,0.11,0.227,109.017,284.037,1
東京VICTORY,サザンオールスターズ,0.522,0.88,9,-3.951,1,0.0323,0.292,0,0.127,0.579,144.006,309.467,1
にじいろ,ayaka,0.511,0.548,2,-4.992,1,0.0263,0.173,0,0.0874,0.629,184.076,227.48,1
ええじゃないか Originally Performed By ジャニーズWEST,Mutsuhiro Nishiwaki,0.618,0.341,4,-10.659,1,0.0434,0.952,0.916,0.108,0.849,108.739,253.33,1
Dragon Night,SEKAI NO OWARI,0.621,0.828,10,-4.341,1,0.124,0.0339,1.13E-05,0.394,0.552,124.023,229.293,1
Let It Go,Idina Menzel,0.541,0.485,8,-6.85,1,0.031,0.558,0,0.12,0.369,136.956,223.84,1
TSUKI,Namie Amuro,0.474,0.924,6,-3.622,0,0.105,0.298,0,0.136,0.551,177.794,218.461,1
レット・イット・ゴー~ありのままで~ - Japanese Version,May J.,0.577,0.457,8,-6.163,1,0.0288,0.758,0,0.124,0.335,136.93,224.6,1
ココロ空モヨウ (サビ) [『よろず占い処 陰陽屋へようこそ』より] [オリジナル歌手:関ジャニ∞],TV J研,0.468,0.705,6,-6.325,1,0.0513,0.313,0.0128,0.278,0.258,141.99,52.856,1
Shake It Off,Taylor Swift,0.648,0.785,7,-5.414,1,0.165,0.0561,0,0.148,0.943,160.02,219.2,1
オモイダマ Originally Performed By 関ジャニ∞,Mutsuhiro Nishiwaki,0.593,0.235,6,-12.27,1,0.0447,0.971,0.891,0.088,0.663,159.455,262.489,1
Faith,miwa,0.451,0.93,8,-2.789,1,0.118,0.0102,0.0147,0.361,0.756,180.06,306.013,1
ER2 (Originally Performed by エイトレンジャー),オルゴール ミドリ,0.626,0.31,4,-13.601,0,0.0777,0.95,0.853,0.206,0.542,155.944,188.532,1
Baby I,Ariana Grande,0.725,0.796,1,-3.684,1,0.0326,0.0154,0,0.354,0.517,101.976,197.6,1
Rude,MAGIC!,0.774,0.756,1,-4.995,1,0.0389,0.0423,0,0.305,0.931,144.032,224.84,1
Sweat,TVXQ!,0.816,0.632,7,-4.305,1,0.0552,0.0131,0,0.06,0.693,105.014,215.04,1
ゲラゲラポーのうた ~「妖怪ウォッチ」オープニングテーマ~ (オルゴール)Originally Performed By キング・クリームソーダ, キング・クリームソーダ,0.642,0.534,5,-9.711,1,0.053,0.687,0.872,0.0901,0.11,119.978,213.573,1
気づいたら片想い,Nogizaka46,0.657,0.764,2,-3.592,0,0.0301,0.702,0,0.281,0.731,119.955,254.2,1
ウィークエンダー Originally Performed By Hey! Say! JUMP,Hey! Say! JUMP,0.645,0.301,11,-11.513,1,0.0432,0.978,0.89,0.157,0.785,103.68,190.218,1
Problem,Ariana Grande,0.66,0.805,1,-5.352,0,0.153,0.0192,8.83E-06,0.159,0.625,103.008,193.92,1
何度目の青空か?,Nogizaka46,0.618,0.903,5,-3.806,0,0.0432,0.357,0,0.111,0.469,121.933,289.907,1
NIPPON,Sheena Ringo,0.224,0.983,4,-0.182,1,0.134,0.00429,1.58E-06,0.226,0.224,172.745,233.92,1
チョコレート,Leo Ieiri,0.685,0.486,2,-6.727,1,0.0282,0.438,0,0.0886,0.528,114.91,282,1
C.O.S.M.O.S.,J SOUL BROTHERS III,0.555,0.819,2,-1.591,0,0.0543,0.0873,0,0.289,0.488,92.026,249.733,1
光のシグナル (Originally Performed by Kis-My-Ft2),Kis-My-Ft2,0.597,0.27,5,-13.487,0,0.0678,0.953,0.87,0.203,0.803,159.988,221.2,1
ray,BUMP OF CHICKEN,0.62,0.897,3,-4.663,1,0.0411,0.00669,0,0.315,0.394,132.02,300.234,1
We Are Never Ever Getting Back Together,Taylor Swift,0.628,0.676,7,-5.911,1,0.0916,0.00957,2.65E-05,0.102,0.75,85.984,191.88,1
AinoArika (Originally Performed by Hey!Say!JUMP),Hey! Say! JUMP,0.69,0.423,1,-12.122,1,0.0645,0.937,0.769,0.136,0.85,103.009,268.102,1
グロテスク feat. 安室奈美恵,Ken Hirai,0.55,0.877,7,-3.195,1,0.0731,0.0106,0,0.348,0.109,140.051,232.027,1
Another Future (Originally Performed by Kis-My-Ft2),Kis-My-Ft2,0.69,0.245,2,-14.048,0,0.0939,0.945,0.868,0.19,0.638,125.998,212.119,1
We Don't Stop,Kana Nishino,0.727,0.89,2,-4.209,1,0.0481,0.298,0,0.318,0.826,130.014,303.653,1
Cling Cling,Perfume,0.497,0.959,11,-2.962,0,0.0304,0.0459,0.000439,0.0882,0.962,134.992,257.693,1
Yes we are (Originally Performed by SMAP),SMAP,0.713,0.364,2,-13.685,1,0.0768,0.914,0.842,0.0948,0.921,143.93,273.682,1
夏のFree&Easy,Nogizaka46,0.394,0.932,0,-4.052,1,0.0735,0.0188,9.83E-06,0.272,0.358,169.916,302.76,1
Suki,Kana Nishino,0.371,0.86,6,-3.193,1,0.0461,0.168,0,0.0932,0.481,81.404,380.107,1
NEW HORIZON,EXILE,0.538,0.771,0,-6.261,1,0.0615,0.0548,2.32E-06,0.145,0.468,134.032,307.213,1
雨のち晴レルヤ,Yuzu,0.403,0.666,5,-3.614,1,0.0315,0.353,0,0.269,0.527,114.504,272.2,1
君に出会えたから,miwa,0.634,0.918,7,-3.297,1,0.0886,0.129,0,0.147,0.327,139.999,281.24,1
明日も,MUSH&Co.,0.458,0.889,9,-2.171,1,0.0546,0.00679,0,0.324,0.509,154.95,253.3,1
未来とは?,SKE48,0.372,0.962,5,-2.606,1,0.109,0.195,0,0.431,0.387,169.959,299.107,1
カリフォルニー,Ketsumeishi,0.728,0.852,1,-5.277,1,0.0359,0.359,0,0.0695,0.958,95.001,231.133,1
ラストシーン,JUJU,0.572,0.82,10,-3.239,0,0.0369,0.113,0,0.219,0.573,143.026,259.467,1
Hot Stuff,JUJU,0.613,0.878,0,-3.466,0,0.0465,0.0163,0,0.341,0.527,129.994,253.747,1
今、咲き誇る花たちよ,KOBUKURO,0.534,0.707,2,-5.2,1,0.0256,0.258,7.67E-06,0.302,0.681,97.556,286.8,1
ヒカレ,Yuzu,0.438,0.821,0,-3.893,1,0.0421,0.299,0,0.382,0.545,140.004,274.227,1
Break Free,Ariana Grande,0.687,0.702,7,-5.324,0,0.0455,0.0064,4.35E-05,0.204,0.284,129.956,214.84,1
バレッタ,Nogizaka46,0.51,0.882,7,-2.56,0,0.0402,0.049,0,0.297,0.632,90,259.533,1
For the First Time in Forever - Japanese Version,Sayaka Kanda,0.313,0.411,0,-6.086,1,0.0413,0.897,0,0.339,0.5,191.173,225.307,1
不器用太陽,SKE48,0.516,0.92,4,-2.844,1,0.0477,0.466,5.1E-06,0.342,0.662,82.012,311.627,1
ラブソングはとまらないよ,Ikimonogakari,0.718,0.802,2,-4.455,1,0.0249,0.151,0,0.339,0.682,114.049,333.253,1
君の隣,aiko,0.578,0.734,0,-4.223,1,0.0338,0.00444,1.49E-05,0.112,0.646,120.948,289.067,1
猟奇的なキスを私にして,Gesu No Kiwami Otome,0.675,0.702,2,-3.152,1,0.0418,0.0372,0,0.052,0.835,137.989,237.44,1
Wake Me Up,Avicii,0.532,0.783,2,-5.697,1,0.0523,0.0038,0.0012,0.161,0.643,124.08,247.427,1
Maps,Maroon 5,0.742,0.713,1,-5.522,0,0.0303,0.0205,0,0.059,0.879,120.032,189.96,1
ゆめのはじまりんりん,Kyary Pamyu Pamyu,0.721,0.888,7,-3.959,1,0.0358,0.119,0,0.115,0.74,135.046,201.697,1
My VOICE,Funky Kato,0.525,0.957,2,-2.455,1,0.0451,0.0672,0,0.286,0.662,90.491,263.533,1
Ride With Me Originally Performed By Hey! Say! JUMP,Hey! Say! JUMP,0.798,0.164,11,-11.62,1,0.0568,0.982,0.923,0.11,0.721,98.67,261.012,1
King & Queen & Joker (Originally Performed by Sexy Zone) - Orgel,Sexy Zone,0.554,0.323,4,-13.267,1,0.0941,0.933,0.852,0.252,0.784,219.917,257.702,1
In Fact (Music Box),Orgel Sound J-pop,0.637,0.402,5,-9.35,0,0.0481,0.688,0.774,0.0846,0.148,113.983,164.667,1
喧嘩上等,Kishidan,0.487,0.935,4,-3.327,0,0.143,0.0051,9.02E-05,0.622,0.752,160.017,256.747,1
イマジン,USAGI,0.468,0.62,1,-6.169,1,0.0335,0.377,0,0.104,0.347,159.808,390.467,1
イマジネーション,SPYAIR,0.48,0.938,1,-2.967,1,0.0593,0.00239,2.74E-05,0.118,0.588,101.921,179.133,1
足音 ~Be Strong,Mr.Children,0.47,0.757,5,-4.761,1,0.0313,0.00998,0,0.159,0.42,146.004,299.76,1
Royals,Lorde,0.674,0.428,7,-9.504,1,0.122,0.121,0,0.132,0.337,84.878,190.185,1
さよならの前に,AAA,0.544,0.845,1,-4.393,1,0.0294,0.0163,0,0.229,0.499,97.987,325,1
THE REVOLUTION,EXILE TRIBE,0.551,0.926,11,-5.211,1,0.0731,0.183,0,0.0969,0.619,126.997,293.76,1
放聲哭沒關係,Momoiro Clover Z,0.457,0.937,10,-0.788,1,0.073,0.337,0,0.288,0.593,167.969,304.986,1
BRIGHTER DAY,Namie Amuro,0.52,0.743,8,-4.738,1,0.0501,0.0119,0,0.158,0.47,180.088,231.508,1
Sweet Refrain,Perfume,0.576,0.958,0,-3.452,1,0.0288,7.43E-05,0.00115,0.225,0.391,140.045,296.194,1
白雪姫,Flower,0.504,0.643,2,-4.048,0,0.0374,0.549,0,0.181,0.39,159.841,272.16,1
ジパング・おおきに大作戦 Originally Performed By ジャニーズWEST (オルゴール),Mutsuhiro Nishiwaki,0.77,0.232,1,-11.196,0,0.0479,0.965,0.84,0.134,0.794,106.701,257.091,1
勝利の笑みを 君と,ウカスカジー,0.601,0.895,9,-4.585,1,0.0606,0.0783,0,0.385,0.655,140.01,379.043,1
Sakura,ARASHI,0.532,0.908,11,-3.24,0,0.088,0.0627,0,0.0932,0.642,133.05,278.878,1
Ai O Sakebe,ARASHI,0.495,0.898,0,-2.844,1,0.0346,0.0158,5.89E-06,0.45,0.676,141.997,278.414,1
Dragon Night - Japanese Lyrics,SEKAI NO OWARI,0.616,0.825,10,-4.349,1,0.125,0.0342,8.7E-06,0.405,0.548,124.013,229.293,1
I Really Like You,Carly Rae Jepsen,0.622,0.808,5,-4.701,1,0.0418,0.00543,5.63E-05,0.215,0.599,122.121,204.773,1
Summer Madness,J SOUL BROTHERS III,0.571,0.711,5,-2.638,1,0.0336,0.451,3.86E-06,0.229,0.577,129.994,274.28,1
君がくれた夏,Leo Ieiri,0.51,0.615,1,-4.207,1,0.0283,0.31,0,0.117,0.463,169.814,258.68,1
Torisetsu,Kana Nishino,0.613,0.735,2,-5.619,1,0.0229,0.271,0,0.348,0.785,96.003,259.013,1
Shake It Off,Taylor Swift,0.648,0.785,7,-5.414,1,0.165,0.0561,0,0.148,0.943,160.02,219.2,1
まなざし,TVXQ!,0.314,0.569,6,-6.12,1,0.0378,0.176,2.89E-06,0.253,0.211,104.174,246.747,1
Your Song,TVXQ!,0.428,0.662,3,-5.424,1,0.0364,0.487,4.4E-05,0.251,0.384,80.029,282.64,1
まなざし - Less Vocal,TVXQ!,0.5,0.473,6,-8.895,1,0.0276,0.0149,0.851,0.226,0.097,104.976,246.467,1
Your Song - Less Vocal,TVXQ!,0.564,0.617,3,-7.936,1,0.0273,0.11,0.852,0.141,0.377,80,281.24,1
"Himawari No Yakusoku (From anime ""Doraemon"") [Originally Performed by Hata Motohiro]",Hata Motohiro,0.512,0.393,10,-6.229,1,0.0269,0.128,0,0.11,0.372,78.946,311.771,1
See You Again (feat. Charlie Puth),Wiz Khalifa,0.689,0.481,10,-7.503,1,0.0815,0.369,1.03E-06,0.0649,0.283,80.025,229.526,1
SUN,Gen Hoshino,0.782,0.684,1,-5.774,1,0.0398,0.021,0,0.125,0.858,108.171,241.467,1
"Attakaindakara (Cover) [From commercial ""Dashitama Niku Udon / Toridoll Marugame Seimen""] [Originally Performed by Kumamushi]",Kumamushi,0.675,0.509,8,-7.104,1,0.0255,0.125,0,0.0924,0.559,105.087,282.266,1
Unfair World,J SOUL BROTHERS III,0.559,0.934,5,-3.359,1,0.0503,0.0032,2.21E-06,0.375,0.363,129.973,232.133,1
O.R.I.O.N.,J SOUL BROTHERS III,0.586,0.938,4,-1.919,1,0.0458,0.00214,0,0.141,0.534,129.963,300.493,1
Darling,Kana Nishino,0.591,0.818,5,-4.317,1,0.0358,0.361,4.07E-06,0.226,0.767,159.956,254.667,1
新宝島,Sakanaction,0.557,0.917,7,-3.426,0,0.0757,0.00118,0.00914,0.419,0.653,158,302.493,1
Beautiful,Superfly,0.487,0.91,3,-2.454,1,0.0594,0.0737,0,0.105,0.328,144.81,297.253,1
Sugar,Maroon 5,0.748,0.767,1,-7.095,1,0.0333,0.0521,0,0.0859,0.9,120.035,235.507,1
ANTI-HERO,SEKAI NO OWARI,0.863,0.782,1,-4.665,1,0.0562,0.0277,0.000122,0.0646,0.627,105.027,214.378,1
長く短い祭,Sheena Ringo,0.614,0.788,2,-3.808,0,0.112,0.0567,0.0472,0.221,0.778,124.876,249.547,1
"Happy - From ""Despicable Me 2""",Pharrell Williams,0.647,0.822,5,-4.662,0,0.183,0.219,0,0.0908,0.962,160.019,232.72,1
Suki,Kana Nishino,0.305,0.869,6,-3.183,1,0.0512,0.159,0,0.089,0.483,81.417,380.52,1
Ima Hanashitai Darekagairu - Short Version,Nogizaka46,0.608,0.854,9,-3.912,1,0.0325,0.479,0,0.27,0.461,140.006,197.313,1
"Ayaka Nijiiro (From ""Hanako to Anne"") [Instrumental] - Retro Classic",Harajuku Nation,0.677,0.1,2,-23.422,1,0.037,0.991,0.901,0.0825,0.528,92.019,180,1
Inochiwa Utsukushii,Nogizaka46,0.578,0.84,2,-5.164,0,0.037,0.0763,0,0.159,0.405,130.015,315.56,1
Stay With Me,Sam Smith,0.418,0.42,0,-6.444,1,0.0414,0.588,6.39E-05,0.11,0.184,84.094,172.724,1
We Are Never Ever Getting Back Together,Taylor Swift,0.628,0.676,7,-5.911,1,0.0916,0.00957,2.65E-05,0.102,0.75,85.984,191.88,1
RPG,SEKAI NO OWARI,0.492,0.937,4,-3.496,1,0.0554,0.0257,0.0164,0.185,0.458,134.978,291.347,1
Anniversary!!,E-girls,0.6,0.991,1,-2.431,0,0.116,0.205,0.173,0.28,0.742,151.98,233.12,1
Silhouette,KANA-BOON,0.436,0.934,2,-2.685,1,0.0507,1.05E-05,0.136,0.321,0.383,91.488,240.133,1
Taiyou Nokku,Nogizaka46,0.492,0.896,8,-2.693,1,0.0668,0.193,0,0.123,0.698,82.492,243.6,1
All About That Bass,Meghan Trainor,0.807,0.887,9,-3.726,1,0.0503,0.0573,2.87E-06,0.124,0.961,134.052,187.92,1
サクラミチ,TVXQ!,0.536,0.558,11,-5.764,1,0.0274,0.478,0,0.113,0.254,95.033,329.747,1
Moshimo Unmeinohitoga Irunonara,Kana Nishino,0.456,0.741,2,-4.984,1,0.0343,0.257,0,0.1,0.471,109.622,324.747,1
シュガーソングとビターステップ,UNISON SQUARE GARDEN,0.626,0.89,6,-3.285,1,0.0536,0.00369,0,0.0839,0.849,131.997,253.227,1
Sakura,ARASHI,0.532,0.908,11,-3.24,0,0.088,0.0627,0,0.0932,0.642,133.05,278.878,1
Ai O Sakebe,ARASHI,0.495,0.898,0,-2.844,1,0.0346,0.0158,5.89E-06,0.45,0.676,141.997,278.414,1
Dragon Night - Japanese Lyrics,SEKAI NO OWARI,0.616,0.825,10,-4.349,1,0.125,0.0342,8.7E-06,0.405,0.548,124.013,229.293,1
I Really Like You,Carly Rae Jepsen,0.622,0.808,5,-4.701,1,0.0418,0.00543,5.63E-05,0.215,0.599,122.121,204.773,1
Summer Madness,J SOUL BROTHERS III,0.571,0.711,5,-2.638,1,0.0336,0.451,3.86E-06,0.229,0.577,129.994,274.28,1
君がくれた夏,Leo Ieiri,0.51,0.615,1,-4.207,1,0.0283,0.31,0,0.117,0.463,169.814,258.68,1
Shake It Off,Taylor Swift,0.648,0.785,7,-5.414,1,0.165,0.0561,0,0.148,0.943,160.02,219.2,1
Torisetsu,Kana Nishino,0.613,0.735,2,-5.619,1,0.0229,0.271,0,0.348,0.785,96.003,259.013,1
シュガーソングとビターステップ,UNISON SQUARE GARDEN,0.626,0.89,6,-3.285,1,0.0536,0.00369,0,0.0839,0.849,131.997,253.227,1
Moshimo Unmeinohitoga Irunonara,Kana Nishino,0.456,0.741,2,-4.984,1,0.0343,0.257,0,0.1,0.471,109.622,324.747,1
サクラミチ,TVXQ!,0.536,0.558,11,-5.764,1,0.0274,0.478,0,0.113,0.254,95.033,329.747,1
"Himawari No Yakusoku (From anime ""Doraemon"") [Originally Performed by Hata Motohiro]",Hata Motohiro,0.512,0.393,10,-6.229,1,0.0269,0.128,0,0.11,0.372,78.946,311.771,1
See You Again (feat. Charlie Puth),Wiz Khalifa,0.689,0.481,10,-7.503,1,0.0815,0.369,1.03E-06,0.0649,0.283,80.025,229.526,1
SUN,Gen Hoshino,0.782,0.684,1,-5.774,1,0.0398,0.021,0,0.125,0.858,108.171,241.467,1
"Attakaindakara (Cover) [From commercial ""Dashitama Niku Udon / Toridoll Marugame Seimen""] [Originally Performed by Kumamushi]",Kumamushi,0.675,0.509,8,-7.104,1,0.0255,0.125,0,0.0924,0.559,105.087,282.266,1
Unfair World,J SOUL BROTHERS III,0.559,0.934,5,-3.359,1,0.0503,0.0032,2.21E-06,0.375,0.363,129.973,232.133,1
O.R.I.O.N.,J SOUL BROTHERS III,0.586,0.938,4,-1.919,1,0.0458,0.00214,0,0.141,0.534,129.963,300.493,1
Darling,Kana Nishino,0.591,0.818,5,-4.317,1,0.0358,0.361,4.07E-06,0.226,0.767,159.956,254.667,1
新宝島,Sakanaction,0.557,0.917,7,-3.426,0,0.0757,0.00118,0.00914,0.419,0.653,158,302.493,1
Beautiful,Superfly,0.487,0.91,3,-2.454,1,0.0594,0.0737,0,0.105,0.328,144.81,297.253,1
Sugar,Maroon 5,0.748,0.767,1,-7.095,1,0.0333,0.0521,0,0.0859,0.9,120.035,235.507,1
ANTI-HERO,SEKAI NO OWARI,0.863,0.782,1,-4.665,1,0.0562,0.0277,0.000122,0.0646,0.627,105.027,214.378,1
長く短い祭,Sheena Ringo,0.614,0.788,2,-3.808,0,0.112,0.0567,0.0472,0.221,0.778,124.876,249.547,1
"Happy - From ""Despicable Me 2""",Pharrell Williams,0.647,0.822,5,-4.662,0,0.183,0.219,0,0.0908,0.962,160.019,232.72,1
Suki,Kana Nishino,0.305,0.869,6,-3.183,1,0.0512,0.159,0,0.089,0.483,81.417,380.52,1
Ima Hanashitai Darekagairu,Nogizaka46,0.614,0.893,4,-3.866,1,0.0358,0.426,0,0.312,0.466,139.968,264.08,1
"Ayaka Nijiiro (From ""Hanako to Anne"") [Instrumental] - Retro Classic",Harajuku Nation,0.677,0.1,2,-23.422,1,0.037,0.991,0.901,0.0825,0.528,92.019,180,1
Inochiwa Utsukushii,Nogizaka46,0.578,0.84,2,-5.164,0,0.037,0.0763,0,0.159,0.405,130.015,315.56,1
Stay With Me,Sam Smith,0.418,0.42,0,-6.444,1,0.0414,0.588,6.39E-05,0.11,0.184,84.094,172.724,1
We Are Never Ever Getting Back Together,Taylor Swift,0.628,0.676,7,-5.911,1,0.0916,0.00957,2.65E-05,0.102,0.75,85.984,191.88,1
RPG,SEKAI NO OWARI,0.492,0.937,4,-3.496,1,0.0554,0.0257,0.0164,0.185,0.458,134.978,291.347,1
Anniversary!!,E-girls,0.6,0.991,1,-2.431,0,0.116,0.205,0.173,0.28,0.742,151.98,233.12,1
Silhouette,KANA-BOON,0.436,0.934,2,-2.685,1,0.0507,1.05E-05,0.136,0.321,0.383,91.488,240.133,1
Taiyou Nokku,Nogizaka46,0.492,0.896,8,-2.693,1,0.0668,0.193,0,0.123,0.698,82.492,243.6,1
All About That Bass,Meghan Trainor,0.807,0.887,9,-3.726,1,0.0503,0.0573,2.87E-06,0.124,0.961,134.052,187.92,1
I am a HERO,Masaharu Fukuyama,0.528,0.915,11,-4.29,0,0.0752,0.00538,1.21E-06,0.115,0.7,157.998,225.2,1
Yüzünü Güneşe Dön,İyi Olacak,0.477,0.675,2,-7.165,1,0.0554,0.157,0,0.119,0.178,67.574,260.444,1
LOVE - あなたに初めて、手紙を書くよ。love letter Tour 2016,MACO,0.477,0.438,4,-7.756,1,0.101,0.802,0,0.205,0.305,173.539,447.212,1
愛してるのに、愛せない,AAA,0.568,0.81,5,-4.17,1,0.0334,0.0764,0,0.161,0.489,112.021,300.134,1
Playback,JUJU,0.634,0.962,6,-2.546,1,0.0635,0.0728,0,0.0676,0.967,158.959,199.8,1
真夏の太陽,Sakurako Ohara,0.55,0.934,5,-2.538,1,0.0485,0.0111,0,0.361,0.669,139.967,249.733,1
Seven Deadly Sins,MAN WITH A MISSION,0.371,0.967,8,-1.199,0,0.15,0.00497,0,0.223,0.345,142.909,207,1
LOVER,AAA,0.586,0.867,0,-4.882,1,0.0365,0.00603,0,0.0996,0.291,95.027,289.573,1
Story,AI,0.614,0.62,0,-4.471,1,0.0252,0.415,0,0.109,0.405,125.974,288.4,1
もったいないとらんど,Kyary Pamyu Pamyu,0.575,0.963,6,-1.56,0,0.084,0.0264,0,0.0504,0.868,159.963,241.908,1
Shut Up and Dance,WALK THE MOON,0.578,0.866,1,-3.804,1,0.0619,0.00701,0,0.257,0.619,128.038,199.08,1
Bokuno Kotoba Dewa Nai Korewa Bokutachino Kotoba,UVERworld,0.543,0.925,4,-6.436,0,0.0739,0.000669,0,0.139,0.448,100.001,257.413,1
What Do You Mean?,Justin Bieber,0.845,0.567,5,-8.118,0,0.0956,0.59,0.00142,0.0811,0.793,125.02,205.68,1
Relax In The City,Perfume,0.508,0.962,4,-3.129,1,0.033,0.0613,0.293,0.693,0.793,120.059,252.267,1
Don't look back!,NMB48,0.381,0.97,4,-1.944,0,0.0694,0.112,6.71E-06,0.314,0.516,184.988,264.6,1
KISS KISS KISS Originally Performed By KAT-TUN (オルゴール),KAT-TUN,0.602,0.584,1,-10.901,1,0.0419,0.68,0.908,0.0952,0.146,103.41,223.387,1
さよならの前に,AAA,0.545,0.853,1,-4.699,1,0.029,0.0364,0,0.117,0.525,98.02,320.373,1
Share The Love,The Sharehappi from J Soul Brothers III from EXILE TRIBE,0.739,0.9,1,-3.644,0,0.0478,0.267,0,0.294,0.751,132.983,255.223,1
Raise Your Flag,MAN WITH A MISSION,0.431,0.966,0,-2.729,1,0.0832,0.00128,0,0.128,0.571,144.996,247.493,1
Star Train,Perfume,0.603,0.897,0,-3.813,1,0.0298,0.0103,0.000108,0.213,0.421,104.967,274.352,1
Hard Knock Days,GENERATIONS from EXILE TRIBE,0.559,0.936,6,-3.749,1,0.0874,0.0139,0,0.33,0.717,92.024,272.773,1
海色,AKINO from bless4,0.416,0.904,5,-4.886,0,0.0784,0.176,0,0.188,0.624,97.544,255.133,1
Koi,Gen Hoshino,0.598,0.819,9,-2.619,1,0.0911,0.00081,0,0.218,0.878,158.115,251.267,1
Shape of You,Ed Sheeran,0.825,0.652,1,-3.183,0,0.0802,0.581,0,0.0931,0.931,95.977,233.713,1
打上花火,DAOKO,0.625,0.668,6,-4.315,1,0.0249,0.288,0,0.107,0.292,95.968,289.578,1
Fukyouwaon,Keyakizaka46,0.604,0.853,0,-5.055,1,0.032,0.00916,0,0.0851,0.856,119.899,249.547,1
Futari Saison,Keyakizaka46,0.522,0.928,5,-3.97,0,0.045,0.716,1.19E-05,0.0654,0.742,130.029,288.893,1
TT,TWICE,0.708,0.853,2,-4.398,1,0.0844,0.0525,0.000173,0.399,0.399,129.946,212.987,1
Influencer,Nogizaka46,0.555,0.852,6,-3.761,1,0.0439,0.557,0,0.314,0.652,132.078,270.093,1
PPAP(Pen-Pineapple-Apple-Pen) - Long ver.,PIKOTARO,0.892,0.527,1,-5.598,1,0.0631,0.036,0.112,0.0612,0.485,136.029,122.933,1
Zenzenzense - English ver.,RADWIMPS,0.359,0.881,11,-3.863,1,0.109,0.000264,0,0.068,0.665,189.6,277.853,1
Silent Majority,Keyakizaka46,0.583,0.952,1,-2.491,1,0.0803,0.266,0,0.314,0.812,123.029,265.827,1
Dirty Work,Austin Mahone,0.789,0.665,1,-3.648,1,0.0674,0.252,0,0.0623,0.91,104.972,187.872,1
Nigemizu,Nogizaka46,0.571,0.992,3,-2.845,1,0.184,0.438,1.53E-06,0.315,0.419,133.989,308.88,1
Family Song,Gen Hoshino,0.532,0.714,7,-4.556,1,0.0372,0.0618,0,0.346,0.766,165.849,324,1
Peace Sign,Kenshi Yonezu,0.594,0.935,10,-3.853,0,0.0684,0.00221,0,0.315,0.618,100.003,238.533,1
Itsukadekirukarakyoudekiru,Nogizaka46,0.547,0.824,4,-3.038,1,0.0336,0.769,0,0.114,0.291,129.989,279.587,1
Kaze Ni Fukaretemo,Rockapella,0.782,0.726,4,-7.359,0,0.0618,0.0493,0,0.13,0.787,91.991,104.756,1
TOKYO GIRL - Remastered,Perfume,0.728,0.915,2,-3.13,1,0.0339,0.222,0.153,0.0831,0.659,127.97,267.387,1
STAY TUNE,Suchmos,0.681,0.938,5,-4.246,1,0.0557,0.0288,0.000264,0.0634,0.6,122.991,297.333,1
RAIN,SEKAI NO OWARI,0.527,0.741,8,-3.855,1,0.027,0.206,1.16E-06,0.299,0.5,97.938,310.293,1
What Do You Mean?,Justin Bieber,0.845,0.567,5,-8.118,0,0.0956,0.59,0.00142,0.0811,0.793,125.02,205.68,1
Signal,TWICE,0.621,0.761,0,-2.736,1,0.334,0.22,0,0.143,0.626,207.818,196.68,1
Orion,Kenshi Yonezu,0.701,0.613,8,-4.93,1,0.028,0.103,0,0.231,0.505,104.021,281.907,1
Blood Sweat & Tears,BTS,0.583,0.885,0,-3.571,0,0.106,0.0244,0,0.357,0.601,92.959,217.052,1
Closer,The Chainsmokers,0.748,0.524,8,-5.599,1,0.0338,0.414,0,0.111,0.661,95.01,244.96,1
Tsunagu,ARASHI,0.584,0.931,7,-1.797,0,0.0376,0.581,0,0.344,0.862,105.022,247.507,1
EXCITE,Daichi Miura,0.703,0.926,1,-3.959,0,0.0814,0.1,0,0.353,0.68,151.1,186.72,1
One More Time,TWICE,0.74,0.928,7,-4.139,1,0.0633,0.00288,0,0.319,0.671,129.955,183.001,1
HAPPY,J SOUL BROTHERS III,0.692,0.849,9,-3.795,1,0.191,0.0703,0,0.0776,0.944,114.965,187.36,1
I'll Be There,ARASHI,0.628,0.955,10,-3.049,0,0.122,0.682,0,0.103,0.718,120.005,249.004,1
MAGIC,AAA,0.712,0.96,3,-3.574,1,0.0802,0.281,0,0.107,0.863,129.984,232.908,1
24K Magic,Bruno Mars,0.818,0.803,1,-4.282,1,0.0797,0.034,0,0.153,0.632,106.97,225.983,1
Doors ~勇気の軌跡~,ARASHI,0.624,0.845,2,-2.763,1,0.0395,0.72,0,0.137,0.616,98.033,249.39,1
Sayonarano Imi,Nogizaka46,0.51,0.757,0,-3.611,0,0.0319,0.252,4.11E-06,0.214,0.561,126.995,299.04,1
やってみよう,WANIMA,0.593,0.91,0,-2.84,1,0.0605,0.00289,0,0.212,0.678,129.384,169.698,1
Kiseki [Originally Performed by GreeeeN],GreeeeN,0.674,0.502,0,-5.865,1,0.101,0.776,6.4E-05,0.227,0.795,170.002,248.587,1
Wherever you are,ONE OK ROCK,0.379,0.69,4,-4.79,1,0.0549,0.0286,0,0.335,0.288,173.716,295.6,1
ようこそジャパリパークへ - PPP ver.,Doubutsu Biscuits,0.593,0.973,5,-2.94,1,0.0819,0.325,0,0.0429,0.839,170.018,206,1
Something Just Like This,The Chainsmokers,0.617,0.635,11,-6.769,0,0.0317,0.0498,1.44E-05,0.164,0.446,103.019,247.16,1
Ashitamo,SHISHAMO,0.414,0.861,1,-1.715,1,0.0516,0.0155,0,0.112,0.655,178.732,368,1
Like Ooh-Ahh,TWICE,0.72,0.876,6,-1.166,1,0.0776,0.241,0.000101,0.382,0.694,141.997,215.08,1
Pa,Kana Nishino,0.566,0.851,6,-4.172,1,0.0381,0.493,0,0.356,0.758,168.074,266.413,1
Uptown Funk (feat. Bruno Mars),Mark Ronson,0.856,0.609,0,-7.223,1,0.0824,0.00801,8.15E-05,0.0344,0.928,114.988,269.667,1
Knock Knock,TWICE,0.673,0.968,1,-2.636,0,0.131,0.0242,0,0.0587,0.476,129.972,195.747,1
Loser,Kenshi Yonezu,0.679,0.931,1,-3.739,0,0.0474,0.00463,0,0.0652,0.962,121.007,243.813,1
Beauty and the Beast,Ariana Grande,0.492,0.532,6,-7.035,1,0.027,0.134,0,0.101,0.267,81.306,227.933,1
See You Again (feat. Charlie Puth),Wiz Khalifa,0.689,0.481,10,-7.503,1,0.0815,0.369,1.03E-06,0.0649,0.283,80.025,229.526,1
Otonano Okite,Doughnuts Hole,0.718,0.314,1,-5.997,0,0.0362,0.482,0,0.215,0.48,85.955,206.333,1
Stay,Zedd,0.69,0.622,5,-5.025,0,0.0622,0.253,0,0.116,0.544,102.04,210.091,1
僕以外の誰か,NMB48,0.369,0.939,7,-3.699,1,0.105,0.0183,0,0.307,0.447,169.904,232.26,1
SUN,Gen Hoshino,0.782,0.684,1,-5.774,1,0.0398,0.021,0,0.125,0.858,108.171,241.467,1
CHARM,WANIMA,0.265,0.926,5,-1.9,1,0.0946,0.00695,0,0.339,0.52,203.971,234.947,1
CHEER UP,TWICE,0.548,0.885,6,-1.48,1,0.125,0.139,0,0.0716,0.509,172.946,208.853,1
Catch the Moment,LiSA,0.403,0.978,7,-1.875,1,0.146,0.0575,1.67E-06,0.331,0.443,190.062,282.627,1
Just You and I,Namie Amuro,0.595,0.655,11,-4.817,1,0.0243,0.374,0,0.0483,0.519,88.033,218.84,1
リボン,BUMP OF CHICKEN,0.404,0.834,6,-3.877,1,0.0389,0.0769,0,0.102,0.352,89.857,271.383,1
Tomoni,WANIMA,0.539,0.973,6,-2.092,1,0.0625,0.00234,0,0.292,0.812,127.056,208.2,1
Dear Bride,Kana Nishino,0.571,0.761,7,-3.85,1,0.036,0.527,0,0.32,0.65,90.043,331.133,1
We Are,ONE OK ROCK,0.41,0.834,5,-5.375,1,0.054,0.0651,0,0.115,0.333,147.982,255.4,1
บทสุดท้ายก่อนจากลา,วง เดอะไนท์,0.606,0.5,3,-11.773,1,0.0315,0.859,2.33E-06,0.304,0.334,146.075,300.096,1
Welcome to TOKYO,J SOUL BROTHERS III,0.636,0.919,5,-3.35,0,0.0869,0.0726,0,0.22,0.517,119.9,286.507,1
"Himawari No Yakusoku (From anime ""Doraemon"") [Originally Performed by Hata Motohiro]",Hata Motohiro,0.512,0.393,10,-6.229,1,0.0269,0.128,0,0.11,0.372,78.946,311.771,1
Ittekinoeikyou,UVERworld,0.535,0.942,2,-3.365,0,0.0817,0.000196,9.23E-06,0.357,0.512,94.944,287.84,1
I need your love,Beverly,0.611,0.953,1,-2.432,1,0.0337,0.218,0.00166,0.312,0.432,99.948,281.667,1
Sorry,Justin Bieber,0.654,0.76,0,-3.669,0,0.045,0.0797,0,0.299,0.41,99.945,200.787,1
Good Life (with G-Eazy & Kehlani),G-Eazy,0.565,0.771,1,-5.22,1,0.213,0.00464,0,0.0568,0.573,168.385,225.526,1
BANG BANG BANG,BIGBANG,0.694,0.832,5,-3.038,0,0.0598,0.0192,0,0.355,0.424,135.011,220.238,1
Tranquility,SawanoHiroyuki[nZk]:Anly,0.528,0.86,1,-4.332,1,0.0317,0.0155,0.000349,0.0803,0.306,132.004,284.093,1
Sugar,Maroon 5,0.748,0.767,1,-7.095,1,0.0333,0.0521,0,0.0859,0.9,120.035,235.507,1
WanteD! WanteD!,Mrs. GREEN APPLE,0.559,0.806,0,-2.461,1,0.0498,0.025,0,0.0433,0.632,160.019,217.387,1
Shake It Off,Taylor Swift,0.648,0.785,7,-5.414,1,0.165,0.0561,0,0.148,0.943,160.02,219.2,1
Lemon,Kenshi Yonezu,0.533,0.661,11,-4.924,1,0.0268,0.366,0,0.354,0.446,86.978,256.107,1
U.S.A.,DA PUMP,0.653,0.992,7,-0.877,1,0.0587,0.0171,0,0.221,0.921,139.542,238.493,1
Garasu Wo Ware!,Keyakizaka46,0.446,0.929,1,-3.601,0,0.0859,0.119,0,0.289,0.55,82.054,222.667,1
Uchiage Hanabi,Dima Lancaster,0.612,0.686,6,-4.133,1,0.0256,0.336,5.43E-06,0.122,0.322,96.032,287.433,1
Doraemon,Gen Hoshino,0.64,0.547,4,-4.129,1,0.038,0.00676,4.95E-05,0.0585,0.95,159.992,239.933,1
Synchronicity,Nogizaka46,0.571,0.923,0,-3.64,1,0.04,0.603,0,0.0585,0.468,135.941,254.88,1
Jikochudeikou!,Nogizaka46,0.423,0.953,11,-2.232,1,0.048,0.0735,0,0.341,0.472,84.041,249.827,1
Candy Pop,TWICE,0.599,0.943,0,-1.457,1,0.0894,0.177,2.6E-05,0.141,0.84,174.059,202.01,1
Sayonara Elegy,Masaki Suda,0.466,0.934,1,-2.739,1,0.0539,0.00333,0,0.277,0.62,154.966,257.067,1
Dear My Teacher - Team A Version,AKB48,0.62,0.981,2,-3.115,0,0.0425,0.159,0.000299,0.281,0.912,123.982,262.107,1
Ambivalent,Keyakizaka46,0.556,0.933,3,-2.275,0,0.0717,0.0969,0,0.0708,0.611,129.976,272.567,1
FAKE LOVE,BTS,0.557,0.719,2,-4.515,0,0.0372,0.00267,0,0.306,0.344,77.501,242.334,1
Shape of You,Ed Sheeran,0.825,0.652,1,-3.183,0,0.0802,0.581,0,0.0931,0.931,95.977,233.713,1
Mabataki,SCANDAL,0.629,0.94,1,-4.557,0,0.0359,0.00557,0.786,0.374,0.851,124.003,230.373,1
Loser,Kenshi Yonezu,0.679,0.931,1,-3.739,0,0.0474,0.00463,0,0.0652,0.962,121.007,243.813,1
Idea,Gen Hoshino,0.478,0.606,10,-4.158,1,0.217,0.00197,0,0.33,0.638,174.208,280.667,1
Wake Me Up,TWICE,0.656,0.994,6,-1.47,0,0.0807,0.209,0,0.318,0.795,125.979,211.8,1
TT,TWICE,0.708,0.853,2,-4.398,1,0.0844,0.0525,0.000173,0.399,0.399,129.946,212.987,1
Flamingo,Kenshi Yonezu,0.769,0.658,7,-6.455,1,0.0524,0.128,0,0.0984,0.921,114.05,195.293,1
Kaerimichiwa Toomawarishitakunaru,Nogizaka46,0.51,0.857,1,-2.716,1,0.0404,0.461,0,0.0793,0.684,138.064,269.707,1
夏疾風,ARASHI,0.564,0.907,6,-3.717,1,0.052,0.0709,0,0.122,0.459,136.977,258.802,1
ダンシング・ヒーロー(Eat You Up),Yoko Oginome,0.664,0.979,6,-5.311,0,0.0385,0.0212,0.000397,0.458,0.888,132.247,227.3,1
DNA,BTS,0.598,0.775,1,-4.035,0,0.0545,0.022,0,0.0677,0.687,129.819,223.123,1
Change,ONE OK ROCK,0.357,0.75,8,-4.971,1,0.0533,0.00245,0,0.372,0.326,89.632,174.628,1
Hero,Namie Amuro,0.342,0.751,8,-4.011,1,0.0583,0.263,9.57E-05,0.0855,0.319,124.936,337.653,1
Ai no Katachi,MISIA,0.407,0.388,6,-7.05,1,0.0364,0.598,0,0.171,0.35,171.503,286.08,1
MIC Drop,BTS,0.667,0.889,6,-4.851,1,0.0918,0.00912,0,0.0816,0.541,169.959,238.193,1
What is Love,TWICE,0.573,0.91,8,-1.578,1,0.064,0.0846,0,0.267,0.602,169.982,208.227,1
Likey,TWICE,0.722,0.903,4,-1.261,0,0.0331,0.42,0.000371,0.118,0.445,132.006,207.813,1
Peace Sign,Kenshi Yonezu,0.594,0.935,10,-3.853,0,0.0684,0.00221,0,0.315,0.618,100.003,238.533,1
センチメンタルトレイン (オルゴール) Originally Performed By AKB48,AKB48,0.632,0.569,8,-10.069,0,0.0554,0.498,0.906,0.0953,0.122,114.994,219.053,1
Jabaja,BNK48,0.675,0.955,4,-2.995,0,0.0595,0.0525,0,0.113,0.626,107.926,254.5,1
Haiiro To Ao - Music Box,Alpha Wave Music Box,0.557,0.216,4,-12.344,1,0.0474,0.987,0.918,0.231,0.336,123.968,268.333,1
Find The Answer,ARASHI,0.576,0.919,7,-2.683,1,0.0489,0.506,0,0.473,0.677,131.046,241.394,1
HANABI (Originally Performed by Mr.Children),Mr.Children,0.615,0.323,4,-14.164,1,0.0882,0.947,0.819,0.105,0.759,187.998,298.521,1
Kaze Ni Fukaretemo,Rockapella,0.782,0.726,4,-7.359,0,0.0618,0.0493,0,0.13,0.787,91.991,104.756,1
ソーユートコあるよね?,SKE48,0.557,0.901,0,-1.925,0,0.0438,0.505,0,0.139,0.962,80.036,234.4,1
君のいない世界,SKE48,0.625,0.833,2,-3.572,1,0.0374,0.613,0,0.25,0.54,128.017,275.373,1
Who are you?,SKE48,0.752,0.886,8,-3.55,0,0.114,0.0303,0,0.0796,0.74,109.951,290.16,1
ストレートな純情,SKE48,0.57,0.801,1,-2.796,0,0.0461,0.121,0,0.214,0.148,160.033,190.733,1
恋の根拠,SKE48,0.462,0.954,5,-1.561,1,0.125,0.458,0,0.567,0.709,143.021,261.16,1
青春の宝石,SKE48,0.524,0.671,2,-4.237,1,0.0403,0.573,0,0.326,0.443,169.769,277.907,1
渚のイメージ,SKE48,0.548,0.91,6,-2.493,1,0.0427,0.211,0,0.328,0.734,145.924,270.56,1
DAI FUSEIKAI - Short ver.,Baby Band,0.531,0.826,0,-4.254,0,0.0983,0.000185,0,0.496,0.579,96.681,39,1
打上花火,DAOKO,0.625,0.668,6,-4.315,1,0.0249,0.288,0,0.107,0.292,95.968,289.578,1
Heart Shaker,TWICE,0.565,0.943,8,-0.532,1,0.0645,0.105,0,0.154,0.855,164.059,186.893,1
Memorial ~ドラマ「部活、好きじゃなきゃダメですか?」主題歌 (オルゴール) Originally Performed By King & Prince,King & Prince,0.629,0.589,8,-9.552,1,0.048,0.62,0.888,0.108,0.233,117.968,255.707,1
MUISHIKI NO IRO (Cover ver.),Baby Band,0.526,0.827,7,-4.148,1,0.0745,0.00995,0,0.605,0.513,165.036,268,1
君のうた,ARASHI,0.561,0.858,1,-3.428,1,0.04,0.0164,0,0.0924,0.451,117.93,271.397,1
Anata,Hikaru Utada,0.299,0.699,8,-6.434,1,0.054,0.465,0,0.117,0.794,88.007,277.133,1
Koi,Gen Hoshino,0.598,0.819,9,-2.619,1,0.0911,0.00081,0,0.218,0.878,158.115,251.267,1
Silent Majority,Keyakizaka46,0.583,0.952,1,-2.491,1,0.0803,0.266,0,0.314,0.812,123.029,265.827,1
Marigold,Aimyon,0.545,0.745,2,-3.098,1,0.0286,0.0452,0,0.0907,0.413,106.094,306.627,1
Sazanka,Yunosuke,0.715,0.945,10,-3.127,1,0.0566,0.00284,0.201,0.378,0.241,126.012,266.063,1
Fukyouwaon,Keyakizaka46,0.604,0.853,0,-5.055,1,0.032,0.00916,0,0.0851,0.856,119.899,249.547,1
EXCITE,Daichi Miura,0.703,0.926,1,-3.959,0,0.0814,0.1,0,0.353,0.68,151.1,186.72,1
Wherever you are,ONE OK ROCK,0.379,0.69,4,-4.79,1,0.0549,0.0286,0,0.335,0.288,173.716,295.6,1
IKIRO (COVER MUSIX BOX) [FROM DORAMA ZERO IKKAKUSENKIN GAME] [Originally Performed by NEWS],NEWS,0.393,0.3,4,-18.249,1,0.0555,0.952,0.872,0.11,0.642,180,187.208,1
DDU-DU DDU-DU,BLACKPINK,0.671,0.859,4,-3.922,0,0.0833,0.0323,0,0.267,0.389,139.931,209.355,1
Shere The World [Originally Performed by Tohoshinki],Tohoshinki,0.451,0.182,0,-14.223,0,0.0358,0.989,0.883,0.294,0.135,148.047,237.8,1
This Is Me,Keala Settle,0.284,0.704,2,-7.276,1,0.186,0.00583,0.000115,0.0424,0.1,191.702,234.707,1
Be The One,PANDORA,0.512,0.998,7,-2.651,0,0.134,0.00354,0.735,0.129,0.237,136.002,213.587,1
BBoom BBoom,MOMOLAND,0.785,0.744,3,-4.249,0,0.0369,0.0149,0.00666,0.0661,0.833,126.018,208.863,1
บทสุดท้ายก่อนจากลา,วง เดอะไนท์,0.606,0.5,3,-11.773,1,0.0315,0.859,2.33E-06,0.304,0.334,146.075,300.096,1
Topaz Love Originally Performed By KinKi Kids (オルゴール),KinKi Kids,0.588,0.552,6,-9.573,0,0.0458,0.642,0.877,0.101,0.173,122.022,238.933,1
Influencer,Nogizaka46,0.555,0.852,6,-3.761,1,0.0439,0.557,0,0.314,0.652,132.078,270.093,1
Havana (feat. Young Thug),Camila Cabello,0.765,0.523,2,-4.333,1,0.03,0.184,3.56E-05,0.132,0.394,104.988,217.307,1
Ashitamo,SHISHAMO,0.414,0.861,1,-1.715,1,0.0516,0.0155,0,0.112,0.655,178.732,368,1
君はロックを聴かない,Aimyon,0.524,0.687,7,-4.039,1,0.0267,0.00135,0,0.169,0.619,99.919,246.307,1
貴方解剖純愛歌〜死ね〜,Aimyon,0.422,0.918,7,-3.347,1,0.069,0.0028,0,0.0409,0.469,168.029,266.52,1
Hatsukoi,Hikaru Utada,0.429,0.322,7,-9.316,1,0.0286,0.792,0,0.137,0.43,92.813,280.88,1
COSMIC☆HUMAN(オリジナルアーティスト:Hey! Say! JUMP) - オルゴール,Hey! Say! JUMP,0.615,0.524,1,-11.828,1,0.0599,0.902,0.767,0.0723,0.987,122.994,37.364,1
Shin Takarajima,Lefty Hand Cream,0.634,0.485,1,-9.179,1,0.0291,0.859,0.0152,0.0859,0.453,134.082,281.933,1
BDZ,TWICE,0.731,0.865,10,-2.716,0,0.0492,0.0126,0,0.105,0.701,137.945,196.32,1
Sign,Kim Jae Joong,0.595,0.743,7,-3.691,1,0.0359,0.265,3.4E-06,0.244,0.233,99.095,251.827,1
RAIN,SEKAI NO OWARI,0.527,0.741,8,-3.855,1,0.027,0.206,1.16E-06,0.299,0.5,97.938,310.293,1
I Love You,Kana Nishino,0.546,0.739,11,-5.994,1,0.0364,0.0683,0,0.32,0.738,169.859,220.507,1
Kalender Yang Dipercepat - Hayaokuri Calendar,JKT48,0.411,0.906,4,-2.878,1,0.0349,0.000264,0,0.276,0.702,179.955,294.999,1
愛をこめて花束を,Superfly,0.341,0.827,7,-2.836,1,0.0466,0.0957,0.00161,0.0746,0.422,161.986,296.627,1
青と夏,Mrs. GREEN APPLE,0.31,0.891,4,-1.66,1,0.0469,0.00157,0,0.284,0.748,184.886,270.027,1
One More Time,TWICE,0.74,0.928,7,-4.139,1,0.0633,0.00288,0,0.319,0.671,129.955,183.001,1
Stay,Zedd,0.69,0.622,5,-5.025,0,0.0622,0.253,0,0.116,0.544,102.04,210.091,1
Dakara Hitorijyanai,Little Glee Monster,0.508,0.904,8,-3.655,1,0.104,0.0641,0,0.0852,0.549,89.765,231.4,1
no tears left to cry,Ariana Grande,0.699,0.713,9,-5.507,0,0.0594,0.04,3.11E-06,0.294,0.354,121.993,205.92,1
Dance The Night Away,TWICE,0.711,0.861,0,-2.905,1,0.0924,0.106,4.4E-05,0.113,0.78,118.004,180.8,1
Orion,Kenshi Yonezu,0.701,0.613,8,-4.93,1,0.028,0.103,0,0.231,0.505,104.021,281.907,1
Itsukadekirukarakyoudekiru,Nogizaka46,0.547,0.824,4,-3.038,1,0.0336,0.769,0,0.114,0.291,129.989,279.587,1
No Doubt,Official HIGE DANdism,0.567,0.937,2,-3.194,1,0.0705,0.0763,0,0.326,0.787,149.92,201.867,1
I WANT YOU BACK,TWICE,0.713,0.848,10,-1.94,0,0.0338,0.0148,0,0.0808,0.787,106.093,203.816,1
Don't Leave Me,BTS,0.62,0.778,8,-4.622,0,0.0724,0.116,0,0.312,0.386,147.012,227.413,1
無限未来,Perfume,0.613,0.813,5,-4.209,1,0.0426,0.364,0.106,0.104,0.461,160.089,221.84,1
J.S.B. DREAM,J SOUL BROTHERS III,0.589,0.964,1,-2.294,1,0.0432,0.00246,3.46E-06,0.509,0.285,102.996,293.4,1
Lemon,Kenshi Yonezu,0.533,0.661,11,-4.924,1,0.0268,0.366,0,0.354,0.446,86.978,256.107,1
マリーゴールド,Aimyon,0.545,0.745,2,-3.098,1,0.0286,0.0452,0,0.0907,0.413,106.094,306.627,1
Pretender,Official HIGE DANdism,0.526,0.86,8,-3.37,1,0.027,0.0406,0,0.129,0.403,91.955,326.44,1
白日,King Gnu,0.606,0.901,1,-2.552,1,0.11,0.67,0,0.289,0.748,93.012,274.913,1
Uma to Shika,Kenshi Yonezu,0.655,0.465,3,-6.372,1,0.0252,0.149,0,0.236,0.667,91.022,265.933,1
まちがいさがし,Masaki Suda,0.555,0.653,2,-5.57,1,0.0402,0.497,0,0.385,0.434,77.973,221.147,1
パプリカ,Foorin,0.746,0.773,11,-5.04,1,0.0442,0.137,0,0.771,0.733,100.993,208.347,1
今夜このまま,Aimyon,0.441,0.852,1,-3.595,1,0.0383,0.0254,0,0.0862,0.64,104.855,238.093,1
U.S.A.,DA PUMP,0.653,0.992,7,-0.877,1,0.0587,0.0171,0,0.221,0.921,139.542,238.493,1
宿命,Official HIGE DANdism,0.596,0.596,5,-5.62,1,0.0323,0.0155,0,0.104,0.508,82.049,281.067,1
君はロックを聴かない,Aimyon,0.524,0.687,7,-4.039,1,0.0267,0.00135,0,0.169,0.619,99.919,246.307,1
Flamingo,Kenshi Yonezu,0.769,0.658,7,-6.455,1,0.0524,0.128,0,0.0984,0.921,114.05,195.293,1
ハルノヒ,Aimyon,0.591,0.673,9,-2.445,1,0.0294,0.263,0,0.109,0.525,106.956,326.867,1
黒い羊,Keyakizaka46,0.508,0.943,4,-2.869,1,0.0872,0.557,0,0.566,0.399,102.94,307.6,1
Sing Out!,Nogizaka46,0.521,0.821,11,-4.516,1,0.0362,0.491,2.49E-06,0.326,0.706,90.002,325.56,1
ノーダウト,Official HIGE DANdism,0.567,0.937,2,-3.194,1,0.0705,0.0763,0,0.326,0.787,149.92,201.867,1
Lights,BTS,0.625,0.663,5,-5.115,1,0.0302,0.112,0,0.105,0.398,98.998,292.773,1
夜明けまで強がらなくてもいい,Nogizaka46,0.416,0.855,11,-2.476,1,0.0456,0.186,0,0.257,0.628,133.885,260.56,1
キュン,Hinatazaka46,0.573,0.961,1,-1.106,0,0.1,0.673,0,0.337,0.606,128.815,300.573,1
打上花火,DAOKO,0.635,0.667,6,-5.392,1,0.0253,0.207,0,0.108,0.261,96.003,289.335,1
さよならエレジー,Masaki Suda,0.464,0.938,1,-2.633,1,0.052,0.00403,0,0.152,0.624,154.962,258.88,1
愛を伝えたいだとか,Aimyon,0.673,0.85,2,-5.021,1,0.0337,0.0345,1.14E-05,0.0943,0.793,100.008,235.241,1
帰り道は遠回りしたくなる,Nogizaka46,0.51,0.857,1,-2.716,1,0.0404,0.461,0,0.0793,0.684,138.064,269.707,1
Wasted Nights,ONE OK ROCK,0.569,0.824,5,-5.287,1,0.041,0.0175,0,0.0727,0.385,125.053,224.773,1
紅蓮華,LiSA,0.545,0.979,4,-2.8,0,0.153,0.00339,0.000118,0.0775,0.309,135.002,238.587,1
Shape of You,Ed Sheeran,0.825,0.652,1,-3.183,0,0.0802,0.581,0,0.0931,0.931,95.977,233.713,1
Breakthrough,TWICE,0.868,0.728,6,-3.338,0,0.11,0.0439,0,0.0975,0.616,112.006,217.651,1
Spirits of the Sea,Kenshi Yonezu,0.511,0.387,9,-10.435,1,0.0423,0.72,1.02E-05,0.156,0.145,89.906,234.184,1
アイノカタチ feat.HIDE(GReeeeN),MISIA,0.549,0.65,6,-6.086,1,0.0261,0.0215,0,0.132,0.293,90.037,266.333,1
イエスタデイ,Official HIGE DANdism,0.541,0.8,6,-3.687,1,0.0382,0.0442,0,0.398,0.56,129.939,299.164,1
ドレミソラシド,Hinatazaka46,0.702,0.972,5,-1.812,0,0.094,0.686,0,0.368,0.739,133.034,305.853,1
FANCY,TWICE,0.697,0.874,5,-2.15,0,0.045,0.0122,0,0.627,0.775,132.022,213.886,1
YES or YES,TWICE,0.702,0.913,11,-2.977,1,0.0374,0.0514,3.71E-06,0.166,0.735,137.982,237.685,1
Brave,ARASHI,0.511,0.93,0,-2.138,1,0.0545,0.0431,0,0.323,0.678,96.048,273.225,1
Stand Out Fit In,ONE OK ROCK,0.622,0.854,11,-5.289,1,0.04,0.0255,0,0.16,0.26,126.031,214.435,1
高嶺の花子さん,back number,0.511,0.899,9,-3.045,1,0.0891,0.0736,0,0.0907,0.396,137.95,294.547,1
HAPPY HAPPY,TWICE,0.609,0.932,10,-1.562,1,0.145,0.173,0.000946,0.396,0.755,179.995,206.974,1
青と夏,Mrs. GREEN APPLE,0.31,0.887,4,-1.654,1,0.0463,0.00184,0,0.291,0.745,184.91,270.507,1
Loser,Kenshi Yonezu,0.679,0.931,1,-3.739,0,0.0474,0.00463,0,0.0652,0.962,121.007,243.813,1
ワタリドリ,[Alexandros],0.454,0.966,9,-3.423,1,0.156,0.00233,0,0.246,0.409,134.99,251.76,1
Blizzard,Daichi Miura,0.641,0.817,1,-3.287,1,0.0553,0.0673,0.000643,0.105,0.39,139.999,314.067,1
ジワるDAYS,AKB48,0.362,0.898,7,-1.34,1,0.0434,0.318,0,0.367,0.46,172.959,293.813,1
Boy With Luv (feat. Halsey),BTS,0.645,0.862,11,-4.757,0,0.0965,0.0923,0,0.192,0.798,119.991,229.773,1
サステナブル,AKB48,0.334,0.858,7,-2.028,1,0.0516,0.0572,0,0.169,0.431,168.04,264.027,1
優しいあの子,SPITZ,0.557,0.837,2,-4.095,1,0.0308,0.197,0,0.139,0.587,102.046,202.907,1
Bohemian Rhapsody - 2011 Mix,Queen,0.39,0.397,0,-9.963,0,0.0513,0.287,0,0.207,0.246,144.031,354.947,1
クリスマスソング,back number,0.392,0.711,4,-3.259,1,0.0327,0.127,0,0.118,0.412,153.957,340.72,1
こんなに好きになっちゃっていいの?,Hinatazaka46,0.538,0.899,2,-2.657,0,0.0424,0.511,0,0.0706,0.43,101.952,319.52,1
アイネクライネ,Kenshi Yonezu,0.469,0.866,1,-2.289,1,0.0296,0.0396,0,0.326,0.814,173.998,288.133,1
NO WAY MAN,AKB48,0.583,0.939,9,-1.467,0,0.105,0.171,0,0.229,0.683,124.945,315.173,1
FRUSTRATION,SKE48,0.618,0.943,6,-3.016,1,0.142,0.192,0,0.842,0.696,124.964,236.947,1
Stand by you,SKE48,0.619,0.953,3,-1.624,1,0.0513,0.303,0,0.308,0.757,127.971,278.769,1
新宝島,Sakanaction,0.511,0.913,7,-3.948,0,0.103,0.00239,0.0298,0.171,0.476,157.998,306.12,1
Remember Me,MAN WITH A MISSION,0.541,0.848,0,-4.301,1,0.0495,0.004,0,0.0849,0.393,125.914,288.9,1
Kill This Love,BLACKPINK,0.738,0.861,2,-4.141,1,0.237,0.32,0.00175,0.325,0.58,131.974,189.04,1
Wherever you are,ONE OK ROCK,0.379,0.69,4,-4.79,1,0.0549,0.0286,0,0.335,0.288,173.716,295.6,1
Stand By You,Official HIGE DANdism,0.593,0.849,1,-4.833,1,0.0439,0.00423,0,0.229,0.541,154.074,256.344,1
奏(かなで),Sukima Switch,0.519,0.67,10,-6.364,1,0.0261,0.417,7.9E-05,0.173,0.54,150.021,329,1
ロマンチシズム,Mrs. GREEN APPLE,0.606,0.881,10,-3.141,1,0.0647,0.00505,0,0.0412,0.886,125.479,213.747,1
小さな恋のうた,MONGOL800,0.403,0.87,11,-1.871,1,0.0474,0.00465,0,0.139,0.549,115.398,222.52,1
ハッピーエンド,back number,0.378,0.654,6,-3.327,0,0.0359,0.0379,1.93E-06,0.141,0.334,77.907,314.28,1
好きと言わせたい,IZ*ONE,0.532,0.938,8,-1.409,1,0.0568,0.122,0,0.245,0.716,132.023,239.333,1
Haiirotoao,Kenshi Yonezu,0.523,0.597,4,-4.883,1,0.0295,0.345,0,0.103,0.387,80.952,332.187,1
bad guy,Billie Eilish,0.701,0.425,7,-10.965,1,0.375,0.328,0.13,0.1,0.562,135.128,194.088,1
貴方解剖純愛歌〜死ね〜,Aimyon,0.422,0.918,7,-3.347,1,0.069,0.0028,0,0.0409,0.469,168.029,266.52,1
空の青さを知る人よ,Aimyon,0.574,0.714,7,-1.969,1,0.0329,0.18,0,0.31,0.633,107.985,304.933,1
366日,HY,0.489,0.422,8,-7.374,1,0.0293,0.494,0,0.304,0.2,75.883,354.2,1
忘れられないの,Sakanaction,0.642,0.645,6,-7.358,0,0.0375,0.35,0.00349,0.191,0.917,172.1,238,1
Peace Sign,Kenshi Yonezu,0.594,0.935,10,-3.853,0,0.0684,0.00221,0,0.315,0.618,100.003,238.533,1
115万キロのフィルム,Official HIGE DANdism,0.514,0.791,3,-1.927,1,0.0318,0.00345,0,0.141,0.482,96.966,324.633,1
真夏の夜の匂いがする,Aimyon,0.474,0.86,9,-2.022,1,0.0921,0.0566,3.57E-06,0.14,0.729,202.937,233.307,1
What is Love? - Japanese ver.,TWICE,0.564,0.892,1,-1.84,1,0.0639,0.0501,0,0.234,0.637,169.939,208.237,1
床の間正座娘,NMB48,0.503,0.963,5,-1.611,1,0.079,0.0737,0,0.314,0.712,147.948,247.307,1
HANABI,Mr.Children,0.635,0.761,1,-5.581,1,0.0266,0.159,0,0.138,0.585,112.015,342.787,1
飛行艇,King Gnu,0.471,0.852,1,-3.391,1,0.0462,0.0408,0,0.329,0.491,79.931,261.91,1
Vampire,IZ*ONE,0.593,0.875,1,-2.862,0,0.0504,0.223,0,0.329,0.879,143.968,228.133,1
ただ君に晴れ,ヨルシカ,0.679,0.834,5,-3.223,1,0.032,0.343,5.74E-06,0.119,0.962,139.996,198.971,1
インフェルノ,Mrs. GREEN APPLE,0.529,0.931,4,-1.538,1,0.0581,0.00955,0,0.465,0.695,92.466,212.547,1
Yes we are - J SOUL BROTHERS III from EXILE TRIBE,J SOUL BROTHERS III,0.631,0.83,11,-5.886,0,0.074,0.00437,0,0.339,0.717,127.897,255.867,1
I beg you,Aimer,0.492,0.848,5,-4.581,0,0.0649,0.00192,0,0.0722,0.503,127.982,270.347,1
愛をこめて花束を,Superfly,0.37,0.8,7,-3.403,1,0.0436,0.151,3.33E-06,0.089,0.451,161.934,295.6,1
意志,HKT48,0.481,0.972,0,-1.768,1,0.116,0.206,0,0.268,0.589,158.025,291.347,1
IDOL,BTS,0.734,0.855,9,-3.211,1,0.118,0.00481,0,0.123,0.422,126.035,222.732,1
Buenos Aires,IZ*ONE,0.697,0.833,0,-3.03,0,0.0314,0.381,0,0.349,0.936,104.998,261.787,1
I Don't Care (with Justin Bieber),Ed Sheeran,0.798,0.675,6,-5.041,1,0.0442,0.0912,0,0.0894,0.842,101.956,219.947,1
恋,Gen Hoshino,0.622,0.795,9,-3.219,1,0.0408,0.00121,0,0.151,0.907,157.993,253.333,1
FAKE LOVE - Japanese ver.,BTS,0.577,0.746,2,-4.284,0,0.0386,0.00283,0,0.29,0.382,77.493,244.813,1
アゲイン,WANIMA,0.486,0.949,7,-2.397,1,0.0565,0.000272,0,0.188,0.358,97.268,214.088,1
Aurora,BUMP OF CHICKEN,0.535,0.851,10,-5.689,1,0.0463,0.00516,0,0.0692,0.408,130.038,284.932,1
風を待つ,STU48,0.584,0.884,5,-2.602,1,0.0372,0.298,0,0.345,0.62,120.001,227.373,1
Pop Virus,Gen Hoshino,0.629,0.441,9,-4.614,1,0.126,0.0339,0,0.234,0.782,78.177,182,1
